#pragma once

#include <Arduino.h>

#ifdef MARAUDER_MINI_V3
static constexpr uint16_t MARAUDER_ETERNAL_SPLASH_WIDTH = 128;
static constexpr uint16_t MARAUDER_ETERNAL_SPLASH_HEIGHT = 128;
PROGMEM static const uint16_t marauder_eternal_splash[] = {
  0x0000, 0x0000, 0x0000, 0x0000, 0x0000, 0x0000, 0x0000, 0x0000, 0x0000, 0x0000, 0x0000, 0x0000,
  0x0000, 0x0000, 0x0000, 0x0000, 0x0000, 0x0000, 0x0000, 0x0000, 0x0000, 0x0000, 0x0000, 0x0000,
  0x0000, 0x0000, 0x0000, 0x0000, 0x0000, 0x0000, 0x0000, 0x0000, 0x0000, 0x0000, 0x0000, 0x0000,
  0x0000, 0x0000, 0x0000, 0x0000, 0x0000, 0x0000, 0x0000, 0x0000, 0x0000, 0x0000, 0x0000, 0x0000,
  0x0000, 0x0000, 0x0000, 0x0000, 0x0000, 0x0000, 0x0000, 0x0000, 0x0000, 0x0000, 0x0000, 0x0000,
  0x0000, 0x0000, 0x0000, 0x0000, 0x0000, 0x0000, 0x0000, 0x0000, 0x0000, 0x0000, 0x0000, 0x0000,
  0x0000, 0x0000, 0x0000, 0x0000, 0x0000, 0x0000, 0x0000, 0x0000, 0x0000, 0x0000, 0x0000, 0x0000,
  0x0000, 0x0000, 0x0000, 0x0000, 0x0000, 0x0000, 0x0000, 0x0000, 0x0000, 0x0000, 0x0000, 0x0000,
  0x0000, 0x0000, 0x0000, 0x0000, 0x0000, 0x0000, 0x0000, 0x0000, 0x0000, 0x0000, 0x0000, 0x0000,
  0x0000, 0x0000, 0x0000, 0x0000, 0x0000, 0x0000, 0x0000, 0x0000, 0x0000, 0x0000, 0x0000, 0x0000,
  0x0000, 0x0000, 0x0000, 0x0000, 0x0000, 0x0000, 0x0000, 0x0000, 0x0000, 0x0000, 0x0000, 0x0000,
  0x0000, 0x0000, 0x0000, 0x0000, 0x0000, 0x0000, 0x0000, 0x0000, 0x0000, 0x0000, 0x0000, 0x0000,
  0x0000, 0x0000, 0x0000, 0x0000, 0x0000, 0x0000, 0x0000, 0x0000, 0x0000, 0x0000, 0x0000, 0x0000,
  0x0000, 0x0000, 0x0000, 0x0000, 0x0000, 0x0000, 0x0000, 0x0000, 0x0000, 0x0000, 0x0000, 0x0000,
  0x0000, 0x0000, 0x0000, 0x0000, 0x0000, 0x0000, 0x0000, 0x0000, 0x0000, 0x0000, 0x0000, 0x0000,
  0x0000, 0x0000, 0x0000, 0x0000, 0x0000, 0x0000, 0x0000, 0x0000, 0x0000, 0x0000, 0x0000, 0x0000,
  0x0000, 0x0000, 0x0000, 0x0000, 0x0000, 0x0000, 0x0000, 0x0000, 0x0000, 0x0000, 0x0000, 0x0000,
  0x0000, 0x0000, 0x0000, 0x0000, 0x0000, 0x0000, 0x0000, 0x0000, 0x0000, 0x0000, 0x0000, 0x0000,
  0x0000, 0x0000, 0x0000, 0x0000, 0x0000, 0x0000, 0x0000, 0x0000, 0x0000, 0x0000, 0x0000, 0x0000,
  0x0000, 0x0000, 0x0000, 0x0000, 0x0000, 0x0000, 0x0000, 0x0000, 0x0000, 0x0000, 0x0000, 0x0000,
  0x0000, 0x0000, 0x0000, 0x0000, 0x0000, 0x0000, 0x0000, 0x0000, 0x0000, 0x0000, 0x0000, 0x0000,
  0x0000, 0x0000, 0x0000, 0x0000, 0x0000, 0x0000, 0x0000, 0x0000, 0x0000, 0x0000, 0x0000, 0x0000,
  0x0000, 0x0000, 0x0000, 0x0000, 0x0000, 0x0000, 0x0000, 0x0000, 0x0000, 0x0000, 0x0000, 0x0000,
  0x0000, 0x0000, 0x0000, 0x0000, 0x0000, 0x0000, 0x0000, 0x0000, 0x0000, 0x0000, 0x0000, 0x0000,
  0x0000, 0x0000, 0x0000, 0x0000, 0x0000, 0x0000, 0x0000, 0x0000, 0x0000, 0x0000, 0x0000, 0x0000,
  0x0000, 0x0000, 0x0000, 0x0000, 0x0000, 0x0000, 0x0000, 0x0000, 0x0000, 0x0000, 0x0000, 0x0000,
  0x0000, 0x0000, 0x0000, 0x0000, 0x0000, 0x0000, 0x0000, 0x0000, 0x0000, 0x0000, 0x0000, 0x0000,
  0x0000, 0x0000, 0x0000, 0x0000, 0x0000, 0x0000, 0x0000, 0x0000, 0x0000, 0x0000, 0x0000, 0x0000,
  0x0000, 0x0000, 0x0000, 0x0000, 0x0000, 0x0000, 0x0000, 0x0000, 0x0000, 0x0000, 0x0000, 0x0000,
  0x0000, 0x0000, 0x0000, 0x0000, 0x0000, 0x0000, 0x0000, 0x0000, 0x0000, 0x0000, 0x0000, 0x0000,
  0x0000, 0x0000, 0x0000, 0x0000, 0x0000, 0x0000, 0x0000, 0x0000, 0x0000, 0x0000, 0x0000, 0x0000,
  0x0000, 0x0000, 0x0000, 0x0000, 0x0000, 0x0000, 0x0000, 0x0000, 0x0000, 0x0000, 0x0000, 0x0000,
  0x0000, 0x0000, 0x0000, 0x0000, 0x0000, 0x0000, 0x0000, 0x0000, 0x0000, 0x0000, 0x0000, 0x0000,
  0x0000, 0x0000, 0x0000, 0x0000, 0x0000, 0x0000, 0x0000, 0x0000, 0x0000, 0x0000, 0x0000, 0x0000,
  0x0000, 0x0000, 0x0000, 0x0000, 0x0000, 0x0000, 0x0000, 0x0000, 0x0000, 0x0000, 0x0000, 0x0000,
  0x0000, 0x0000, 0x0000, 0x0000, 0x0000, 0x0000, 0x0000, 0x0000, 0x0000, 0x0000, 0x0000, 0x0000,
  0x0000, 0x0000, 0x0000, 0x0000, 0x0000, 0x0000, 0x0000, 0x0000, 0x0000, 0x0000, 0x0000, 0x0000,
  0x0000, 0x0000, 0x0000, 0x0000, 0x0000, 0x0000, 0x0000, 0x0000, 0x0000, 0x0000, 0x0000, 0x0000,
  0x0000, 0x0000, 0x0000, 0x0000, 0x0000, 0x0000, 0x0000, 0x0000, 0x0000, 0x0000, 0x0000, 0x0000,
  0x0000, 0x0000, 0x0000, 0x0000, 0x0000, 0x0000, 0x0000, 0x0000, 0x0000, 0x0000, 0x0000, 0x0000,
  0x0000, 0x0000, 0x0000, 0x0000, 0x0000, 0x0000, 0x0000, 0x0000, 0x0000, 0x0000, 0x0000, 0x0000,
  0x0000, 0x0000, 0x0000, 0x0000, 0x0000, 0x0000, 0x0000, 0x0000, 0x0000, 0x0000, 0x0000, 0x0000,
  0x0000, 0x0000, 0x0000, 0x0000, 0x0000, 0x0000, 0x0000, 0x0000, 0x0000, 0x0000, 0x0000, 0x0000,
  0x0000, 0x0000, 0x0000, 0x0000, 0x0000, 0x0000, 0x0000, 0x0000, 0x0000, 0x0000, 0x0000, 0x0000,
  0x0000, 0x0000, 0x0000, 0x0000, 0x0000, 0x0000, 0x0000, 0x0000, 0x0000, 0x0000, 0x0000, 0x0000,
  0x0000, 0x0000, 0x0000, 0x0000, 0x0000, 0x0000, 0x0000, 0x0000, 0x0000, 0x0000, 0x0000, 0x0000,
  0x0000, 0x0000, 0x0000, 0x0000, 0x0000, 0x0000, 0x0000, 0x0000, 0x0000, 0x0000, 0x0000, 0x0000,
  0x0000, 0x0000, 0x0000, 0x0000, 0x0000, 0x0000, 0x0000, 0x0000, 0x0000, 0x0000, 0x0000, 0x0000,
  0x0000, 0x0000, 0x0000, 0x0000, 0x0000, 0x0000, 0x0000, 0x0000, 0x0000, 0x0000, 0x0000, 0x0000,
  0x0000, 0x0000, 0x0000, 0x0000, 0x0000, 0x0000, 0x0000, 0x0000, 0x0000, 0x0000, 0x0000, 0x0000,
  0x0000, 0x0000, 0x0000, 0x0000, 0x0000, 0x0000, 0x0000, 0x0000, 0x0000, 0x0000, 0x0000, 0x0000,
  0x0000, 0x0000, 0x0000, 0x0000, 0x0000, 0x0000, 0x0000, 0x0000, 0x0000, 0x0000, 0x0000, 0x0000,
  0x0000, 0x0000, 0x0000, 0x0000, 0x0000, 0x0000, 0x0000, 0x0000, 0x0000, 0x0000, 0x0000, 0x0000,
  0x0000, 0x0000, 0x0000, 0x0000, 0x0000, 0x0000, 0x0000, 0x0000, 0x0000, 0x0000, 0x0000, 0x0000,
  0x0000, 0x0000, 0x0000, 0x0000, 0x0000, 0x0000, 0x0000, 0x0000, 0x0000, 0x0000, 0x0000, 0x0000,
  0x0000, 0x0000, 0x0000, 0x0000, 0x0000, 0x0000, 0x0000, 0x0000, 0x0000, 0x0000, 0x0000, 0x0000,
  0x0000, 0x0000, 0x0000, 0x0000, 0x0000, 0x0000, 0x0000, 0x0000, 0x0000, 0x0000, 0x0000, 0x0000,
  0x0000, 0x0000, 0x0000, 0x0000, 0x0000, 0x0000, 0x0000, 0x0000, 0x0000, 0x0000, 0x0000, 0x0000,
  0x0000, 0x0000, 0x0000, 0x0000, 0x0000, 0x0000, 0x0000, 0x0000, 0x0000, 0x0000, 0x0000, 0x0000,
  0x0000, 0x0000, 0x0000, 0x0000, 0x0000, 0x0000, 0x0000, 0x0000, 0x0000, 0x0000, 0x0000, 0x0000,
  0x0000, 0x0000, 0x0000, 0x0000, 0x0000, 0x0000, 0x0000, 0x0000, 0x0000, 0x0000, 0x0000, 0x0000,
  0x0000, 0x0000, 0x0000, 0x0000, 0x0000, 0x0000, 0x0000, 0x0000, 0x0000, 0x0000, 0x0000, 0x0000,
  0x0000, 0x0000, 0x0000, 0x0000, 0x0000, 0x0000, 0x0000, 0x0000, 0x0000, 0x0000, 0x0000, 0x0000,
  0x0000, 0x0000, 0x0000, 0x0000, 0x0000, 0x0000, 0x0000, 0x0000, 0x0000, 0x0000, 0x0000, 0x0000,
  0x0000, 0x0000, 0x0000, 0x0000, 0x0000, 0x0000, 0x0000, 0x0000, 0x0000, 0x0000, 0x0000, 0x0000,
  0x0000, 0x0000, 0x0000, 0x0000, 0x0000, 0x0000, 0x0000, 0x0000, 0x0000, 0x0000, 0x0000, 0x0000,
  0x0000, 0x0000, 0x0000, 0x0000, 0x0000, 0x0000, 0x0000, 0x0000, 0x0000, 0x0000, 0x0000, 0x0000,
  0x0000, 0x0000, 0x0000, 0x0000, 0x0000, 0x0000, 0x0000, 0x0000, 0x0000, 0x0000, 0x0000, 0x0000,
  0x0000, 0x0000, 0x0000, 0x0000, 0x0000, 0x0000, 0x0000, 0x0000, 0x0000, 0x0000, 0x0000, 0x0000,
  0x0000, 0x0000, 0x0000, 0x0000, 0x0000, 0x0000, 0x0000, 0x0000, 0x0000, 0x0000, 0x0000, 0x0000,
  0x0000, 0x0000, 0x0000, 0x0000, 0x0000, 0x0000, 0x0000, 0x0000, 0x0000, 0x0000, 0x0000, 0x0000,
  0x0000, 0x0000, 0x0000, 0x0000, 0x0000, 0x0000, 0x0000, 0x0000, 0x0000, 0x0000, 0x0000, 0x0000,
  0x0000, 0x0000, 0x0000, 0x0000, 0x0000, 0x0000, 0x0000, 0x0000, 0x0000, 0x0000, 0x0000, 0x0000,
  0x0000, 0x0000, 0x0000, 0x0000, 0x0000, 0x0000, 0x0000, 0x0000, 0x0000, 0x0000, 0x0000, 0x0000,
  0x0000, 0x0000, 0x0000, 0x0000, 0x0000, 0x0000, 0x0000, 0x0000, 0x0000, 0x0000, 0x0000, 0x0000,
  0x0000, 0x0000, 0x0000, 0x0000, 0x0000, 0x0000, 0x0000, 0x0000, 0x0000, 0x0000, 0x0000, 0x0000,
  0x0000, 0x0000, 0x0000, 0x0000, 0x0000, 0x0000, 0x0000, 0x0000, 0x0000, 0x0000, 0x0000, 0x0000,
  0x0000, 0x0000, 0x0000, 0x0000, 0x0000, 0x0000, 0x0000, 0x0000, 0x0000, 0x0000, 0x0000, 0x0000,
  0x0000, 0x0000, 0x0000, 0x0000, 0x0000, 0x0000, 0x0000, 0x0000, 0x0000, 0x0000, 0x0000, 0x0000,
  0x0000, 0x0000, 0x0000, 0x0000, 0x0000, 0x0000, 0x0000, 0x0000, 0x0000, 0x0000, 0x0000, 0x0000,
  0x0000, 0x0000, 0x0000, 0x0000, 0x0000, 0x0000, 0x0000, 0x0000, 0x0000, 0x0000, 0x0000, 0x0000,
  0x0000, 0x0000, 0x0000, 0x0000, 0x0000, 0x0000, 0x0000, 0x0000, 0x0000, 0x0000, 0x0000, 0x0000,
  0x0000, 0x0000, 0x0000, 0x0000, 0x0000, 0x0000, 0x0000, 0x0000, 0x0000, 0x0000, 0x0000, 0x0000,
  0x0000, 0x0000, 0x0000, 0x0000, 0x0000, 0x0000, 0x0000, 0x0000, 0x0000, 0x0000, 0x0000, 0x0000,
  0x0000, 0x0000, 0x0000, 0x0000, 0x0000, 0x0000, 0x0000, 0x0000, 0x0000, 0x0000, 0x0000, 0x0000,
  0x0000, 0x0000, 0x0000, 0x0000, 0x0000, 0x0000, 0x0000, 0x0000, 0x0000, 0x0000, 0x0000, 0x0000,
  0x0000, 0x0000, 0x0000, 0x0000, 0x0000, 0x0000, 0x0000, 0x0000, 0x0000, 0x0000, 0x0000, 0x0000,
  0x0000, 0x0000, 0x0000, 0x0000, 0x0000, 0x0000, 0x0000, 0x0000, 0x0000, 0x0000, 0x0000, 0x0000,
  0x0000, 0x0000, 0x0000, 0x0000, 0x0000, 0x0000, 0x0000, 0x0000, 0x0000, 0x0000, 0x0000, 0x0000,
  0x0000, 0x0000, 0x0000, 0x0000, 0x0000, 0x0000, 0x0000, 0x0000, 0x0000, 0x0000, 0x0000, 0x0000,
  0x0000, 0x0000, 0x0000, 0x0000, 0x0000, 0x0000, 0x0000, 0x0000, 0x0000, 0x0000, 0x0000, 0x0000,
  0x0000, 0x0000, 0x0000, 0x0000, 0x0000, 0x0000, 0x0000, 0x0000, 0x0000, 0x0000, 0x0000, 0x0000,
  0x0000, 0x0000, 0x0000, 0x0000, 0x0000, 0x0000, 0x0000, 0x0000, 0x0000, 0x0000, 0x0000, 0x0000,
  0x0000, 0x0000, 0x0000, 0x0000, 0x0000, 0x0000, 0x0000, 0x0000, 0x0000, 0x0000, 0x0000, 0x0000,
  0x0000, 0x0000, 0x0000, 0x0000, 0x0000, 0x0000, 0x0000, 0x0000, 0x0000, 0x0000, 0x0000, 0x0000,
  0x0000, 0x0000, 0x0000, 0x0000, 0x0000, 0x0000, 0x0000, 0x0000, 0x0000, 0x0000, 0x0000, 0x0000,
  0x0000, 0x0000, 0x0000, 0x0000, 0x0000, 0x0000, 0x0000, 0x0000, 0x0000, 0x0000, 0x0000, 0x0000,
  0x0000, 0x0000, 0x0000, 0x0000, 0x0000, 0x0000, 0x0000, 0x0000, 0x0000, 0x0000, 0x0000, 0x0000,
  0x0000, 0x0000, 0x0000, 0x0000, 0x0000, 0x0000, 0x0000, 0x0000, 0x0000, 0x0000, 0x0000, 0x0000,
  0x0000, 0x0000, 0x0000, 0x0000, 0x0000, 0x0000, 0x0000, 0x0000, 0x0000, 0x0000, 0x0000, 0x0000,
  0x0000, 0x0000, 0x0000, 0x0000, 0x0000, 0x0000, 0x0000, 0x0000, 0x0000, 0x0000, 0x0000, 0x0000,
  0x0000, 0x0000, 0x0000, 0x0000, 0x0000, 0x0000, 0x0000, 0x0000, 0x0000, 0x0000, 0x0000, 0x0000,
  0x0000, 0x0000, 0x0000, 0x0000, 0x0000, 0x0000, 0x0000, 0x0000, 0x0000, 0x0000, 0x0000, 0x0000,
  0x0000, 0x0000, 0x0000, 0x0000, 0x0000, 0x0000, 0x0000, 0x0000, 0x0000, 0x0000, 0x0000, 0x0000,
  0x0000, 0x0000, 0x0000, 0x0000, 0x0000, 0x0000, 0x0000, 0x0000, 0x0000, 0x0000, 0x0000, 0x0000,
  0x0000, 0x0000, 0x0000, 0x0000, 0x0000, 0x0000, 0x0000, 0x0000, 0x0000, 0x0000, 0x0000, 0x0000,
  0x0000, 0x0000, 0x0000, 0x0000, 0x0000, 0x0000, 0x0000, 0x0000, 0x0000, 0x0000, 0x0000, 0x0000,
  0x0000, 0x0000, 0x0000, 0x0000, 0x0000, 0x0000, 0x0000, 0x0000, 0x0000, 0x0000, 0x0000, 0x0000,
  0x0000, 0x0000, 0x0000, 0x0000, 0x0000, 0x0000, 0x0000, 0x0000, 0x0000, 0x0000, 0x0000, 0x0000,
  0x0000, 0x0000, 0x0000, 0x0000, 0x0000, 0x0000, 0x0000, 0x0000, 0x0000, 0x0000, 0x0000, 0x0000,
  0x0000, 0x0000, 0x0000, 0x0000, 0x0000, 0x0000, 0x0000, 0x0000, 0x0000, 0x0000, 0x0000, 0x0000,
  0x0000, 0x0000, 0x0000, 0x0000, 0x0000, 0x0000, 0x0000, 0x0000, 0x0000, 0x0000, 0x0000, 0x0000,
  0x0000, 0x0000, 0x0000, 0x0000, 0x0000, 0x0000, 0x0000, 0x0000, 0x0000, 0x0000, 0x0000, 0x0000,
  0x0000, 0x0000, 0x0000, 0x0000, 0x0000, 0x0000, 0x0000, 0x0000, 0x0000, 0x0000, 0x0000, 0x0000,
  0x0000, 0x0000, 0x0000, 0x0000, 0x0000, 0x0000, 0x0000, 0x0000, 0x0000, 0x0000, 0x0000, 0x0000,
  0x0000, 0x0000, 0x0000, 0x0000, 0x0000, 0x0000, 0x0000, 0x0000, 0x0000, 0x0000, 0x0000, 0x0000,
  0x0000, 0x0000, 0x0000, 0x0000, 0x0000, 0x0000, 0x0000, 0x0000, 0x0000, 0x0000, 0x0000, 0x0000,
  0x0000, 0x0000, 0x0000, 0x0000, 0x0000, 0x0000, 0x0000, 0x0000, 0x0000, 0x0000, 0x0000, 0x0000,
  0x0000, 0x0000, 0x0000, 0x0000, 0x0000, 0x0000, 0x0000, 0x0000, 0x0000, 0x0000, 0x0000, 0x0000,
  0x0000, 0x0000, 0x0000, 0x0000, 0x0000, 0x0000, 0x0000, 0x0000, 0x0000, 0x0000, 0x0000, 0x0000,
  0x0000, 0x0000, 0x0000, 0x0000, 0x0000, 0x0000, 0x0000, 0x0000, 0x0000, 0x0000, 0x0000, 0x0000,
  0x0000, 0x0000, 0x0000, 0x0000, 0x0000, 0x0000, 0x0000, 0x0000, 0x0000, 0x0000, 0x0000, 0x0000,
  0x0000, 0x0000, 0x0000, 0x0000, 0x0000, 0x0000, 0x0000, 0x0000, 0x0000, 0x0000, 0x0000, 0x0000,
  0x0000, 0x0000, 0x0000, 0x0000, 0x0000, 0x0000, 0x0000, 0x0000, 0x0000, 0x0000, 0x0000, 0x0000,
  0x0000, 0x0000, 0x0000, 0x0000, 0x0000, 0x0000, 0x0000, 0x0000, 0x0000, 0x0000, 0x0000, 0x0000,
  0x0000, 0x0000, 0x0000, 0x0000, 0x0000, 0x0000, 0x0000, 0x0000, 0x0000, 0x0000, 0x0000, 0x0000,
  0x0000, 0x0000, 0x0000, 0x0000, 0x0000, 0x0000, 0x0000, 0x0000, 0x0000, 0x0000, 0x0000, 0x0000,
  0x0000, 0x0000, 0x0000, 0x0000, 0x0000, 0x0000, 0x0000, 0x0000, 0x0000, 0x0000, 0x0000, 0x0000,
  0x0000, 0x0000, 0x0000, 0x0000, 0x0000, 0x0000, 0x0000, 0x0000, 0x0000, 0x0000, 0x0000, 0x0000,
  0x0000, 0x0000, 0x0000, 0x0000, 0x0000, 0x0000, 0x0000, 0x0000, 0x0000, 0x0000, 0x0000, 0x0000,
  0x0000, 0x0000, 0x0000, 0x0000, 0x0000, 0x0000, 0x0000, 0x0000, 0x0000, 0x0000, 0x0000, 0x0000,
  0x0000, 0x0000, 0x0000, 0x0000, 0x0000, 0x0000, 0x0000, 0x0000, 0x0000, 0x0000, 0x0000, 0x0000,
  0x0000, 0x0000, 0x0000, 0x0000, 0x0000, 0x0000, 0x0000, 0x0000, 0x0000, 0x0000, 0x0000, 0x0000,
  0x0000, 0x0000, 0x0000, 0x0000, 0x0000, 0x0000, 0x0000, 0x0000, 0x0000, 0x0000, 0x0000, 0x0000,
  0x0000, 0x0000, 0x0000, 0x0000, 0x0000, 0x0000, 0x0000, 0x0000, 0x0000, 0x0000, 0x0000, 0x0000,
  0x0000, 0x0000, 0x0000, 0x0000, 0x0000, 0x0000, 0x0000, 0x0000, 0x0000, 0x0000, 0x0000, 0x0000,
  0x0000, 0x0000, 0x0000, 0x0000, 0x0000, 0x0000, 0x0000, 0x0000, 0x0000, 0x0000, 0x0000, 0x0000,
  0x0000, 0x0000, 0x0000, 0x0000, 0x0000, 0x0000, 0x0000, 0x0000, 0x0000, 0x0000, 0x0000, 0x0000,
  0x0000, 0x0000, 0x0000, 0x0000, 0x0000, 0x0000, 0x0000, 0x0000, 0x0000, 0x0000, 0x0000, 0x0000,
  0x0000, 0x0000, 0x0000, 0x0000, 0x0000, 0x0000, 0x0000, 0x0000, 0x0000, 0x0000, 0x0000, 0x0000,
  0x0000, 0x0000, 0x0000, 0x0000, 0x0000, 0x0000, 0x0000, 0x0000, 0x0000, 0x0000, 0x0000, 0x0000,
  0x0000, 0x0000, 0x0000, 0x0000, 0x0000, 0x0000, 0x0000, 0x0000, 0x0000, 0x0000, 0x0000, 0x0000,
  0x0000, 0x0000, 0x0000, 0x0000, 0x0000, 0x0000, 0x0000, 0x0000, 0x0000, 0x0000, 0x0000, 0x0000,
  0x0000, 0x0000, 0x0000, 0x0000, 0x0000, 0x0000, 0x0000, 0x0000, 0x0000, 0x0000, 0x0000, 0x0000,
  0x0000, 0x0000, 0x0000, 0x0000, 0x0000, 0x0000, 0x0000, 0x0000, 0x0000, 0x0000, 0x0000, 0x0000,
  0x0000, 0x0000, 0x0000, 0x0000, 0x0000, 0x0000, 0x0000, 0x0000, 0x0000, 0x0000, 0x0000, 0x0000,
  0x0000, 0x0000, 0x0000, 0x0000, 0x0000, 0x0000, 0x0000, 0x0000, 0x0000, 0x0000, 0x0000, 0x0000,
  0x0000, 0x0000, 0x0000, 0x0000, 0x0000, 0x0000, 0x0000, 0x0000, 0x0000, 0x0000, 0x0000, 0x0000,
  0x0000, 0x0000, 0x0000, 0x0000, 0x0000, 0x0000, 0x0000, 0x0000, 0x0000, 0x0000, 0x0000, 0x0000,
  0x0000, 0x0000, 0x0000, 0x0000, 0x0000, 0x0000, 0x0000, 0x0000, 0x0000, 0x0000, 0x0000, 0x0000,
  0x0000, 0x0000, 0x0000, 0x0000, 0x0000, 0x0000, 0x0000, 0x0000, 0x0000, 0x0000, 0x0000, 0x0000,
  0x0000, 0x0000, 0x0000, 0x0000, 0x0000, 0x0000, 0x0000, 0x0000, 0x0000, 0x0000, 0x0000, 0x0000,
  0x0000, 0x0000, 0x0000, 0x0000, 0x0000, 0x0000, 0x0000, 0x0000, 0x0000, 0x0000, 0x0000, 0x0000,
  0x0000, 0x0000, 0x0000, 0x0000, 0x0000, 0x0000, 0x0000, 0x0000, 0x0000, 0x0000, 0x0000, 0x0000,
  0x0000, 0x0000, 0x0000, 0x0000, 0x0000, 0x0000, 0x0000, 0x0000, 0x0000, 0x0000, 0x0000, 0x0000,
  0x0000, 0x0000, 0x0000, 0x0000, 0x0000, 0x0000, 0x0000, 0x0000, 0x0000, 0x0000, 0x0000, 0x0000,
  0x0000, 0x0000, 0x0000, 0x0000, 0x0000, 0x0000, 0x0000, 0x0000, 0x0000, 0x0000, 0x0000, 0x0000,
  0x0000, 0x0000, 0x0000, 0x0000, 0x0000, 0x0000, 0x0000, 0x0000, 0x0000, 0x0000, 0x0000, 0x0000,
  0x0000, 0x0000, 0x0000, 0x0000, 0x0000, 0x0000, 0x0000, 0x0000, 0x0000, 0x0000, 0x0000, 0x0000,
  0x0000, 0x0000, 0x0000, 0x0000, 0x0000, 0x0000, 0x0000, 0x0000, 0x0000, 0x0000, 0x0000, 0x0000,
  0x0000, 0x0000, 0x0000, 0x0000, 0x0000, 0x0000, 0x0000, 0x0000, 0x0000, 0x0000, 0x0000, 0x0000,
  0x0000, 0x0000, 0x0000, 0x0000, 0x0000, 0x0000, 0x0000, 0x0000, 0x0000, 0x0000, 0x0000, 0x0000,
  0x0000, 0x0000, 0x0000, 0x0000, 0x0000, 0x0000, 0x0000, 0x0000, 0x0000, 0x0000, 0x0000, 0x0000,
  0x0000, 0x0000, 0x0000, 0x0000, 0x0000, 0x0000, 0x0000, 0x0000, 0x0000, 0x0000, 0x0000, 0x0000,
  0x0000, 0x0000, 0x0000, 0x0000, 0x0000, 0x0000, 0x0000, 0x0000, 0x0000, 0x0000, 0x0000, 0x0000,
  0x0000, 0x0000, 0x0000, 0x0000, 0x0000, 0x0000, 0x0000, 0x0000, 0x0000, 0x0000, 0x0000, 0x0000,
  0x0000, 0x0000, 0x0000, 0x0000, 0x0000, 0x0000, 0x0000, 0x0000, 0x0000, 0x0000, 0x0000, 0x0000,
  0x0000, 0x0000, 0x0000, 0x0000, 0x0000, 0x0000, 0x0000, 0x0000, 0x0000, 0x0000, 0x0000, 0x0000,
  0x0000, 0x0000, 0x0000, 0x0000, 0x0000, 0x0000, 0x0000, 0x0000, 0x0000, 0x0000, 0x0000, 0x0000,
  0x0000, 0x0000, 0x0000, 0x0000, 0x0000, 0x0000, 0x0000, 0x0000, 0x0000, 0x0000, 0x0000, 0x0000,
  0x0000, 0x0000, 0x0000, 0x0000, 0x0000, 0x0000, 0x0000, 0x0000, 0x0000, 0x0000, 0x0000, 0x0000,
  0x0000, 0x0000, 0x0000, 0x0000, 0x0000, 0x0000, 0x0000, 0x0000, 0x0000, 0x0000, 0x0000, 0x0000,
  0x0000, 0x0000, 0x0000, 0x0000, 0x0000, 0x0000, 0x0000, 0x0000, 0x0000, 0x0000, 0x0000, 0x0000,
  0x0000, 0x0000, 0x0000, 0x0000, 0x0000, 0x0000, 0x0000, 0x0000, 0x0000, 0x0000, 0x0000, 0x0000,
  0x0000, 0x0000, 0x0000, 0x0000, 0x0000, 0x0000, 0x0000, 0x0000, 0x0000, 0x0000, 0x0000, 0x0000,
  0x0000, 0x0000, 0x0000, 0x0000, 0x0000, 0x0000, 0x0000, 0x0000, 0x0000, 0x0000, 0x0000, 0x0000,
  0x0000, 0x0000, 0x0000, 0x0000, 0x0000, 0x0000, 0x0000, 0x0000, 0x0000, 0x0000, 0x0000, 0x0000,
  0x0000, 0x0000, 0x0000, 0x0000, 0x0000, 0x0000, 0x0000, 0x0000, 0x0000, 0x0000, 0x0000, 0x0000,
  0x0000, 0x0000, 0x0000, 0x0000, 0x0000, 0x0000, 0x0000, 0x0000, 0x0000, 0x0000, 0x0000, 0x0000,
  0x0000, 0x0000, 0x0000, 0x0000, 0x0000, 0x0000, 0x0000, 0x0000, 0x0000, 0x0000, 0x0000, 0x0000,
  0x0000, 0x0000, 0x0000, 0x0000, 0x0000, 0x0000, 0x0000, 0x0000, 0x0000, 0x0000, 0x0000, 0x0000,
  0x0000, 0x0000, 0x0000, 0x0000, 0x0000, 0x0000, 0x0000, 0x0000, 0x0000, 0x0000, 0x0000, 0x0000,
  0x0000, 0x0000, 0x0000, 0x0000, 0x0000, 0x0000, 0x0000, 0x0000, 0x0000, 0x0000, 0x0000, 0x0000,
  0x0000, 0x0000, 0x0000, 0x0000, 0x0000, 0x0000, 0x0000, 0x0000, 0x0000, 0x0000, 0x0000, 0x0000,
  0x0000, 0x0000, 0x0000, 0x0000, 0x0000, 0x0000, 0x0000, 0x0000, 0x0000, 0x0000, 0x0000, 0x0000,
  0x0000, 0x0000, 0x0000, 0x0000, 0x0000, 0x0800, 0x0800, 0x0000, 0x0000, 0x0000, 0x0000, 0x0000,
  0x0000, 0x0000, 0x0000, 0x0000, 0x0000, 0x0000, 0x0000, 0x0000, 0x0000, 0x0000, 0x0000, 0x0000,
  0x0000, 0x0000, 0x0000, 0x0000, 0x0000, 0x0000, 0x0000, 0x0000, 0x0000, 0x0000, 0x0000, 0x0000,
  0x0000, 0x0000, 0x0000, 0x0000, 0x0000, 0x0000, 0x0000, 0x0000, 0x0000, 0x0000, 0x0000, 0x0000,
  0x0000, 0x0000, 0x0000, 0x0000, 0x0000, 0x0000, 0x0000, 0x0000, 0x0000, 0x0000, 0x0000, 0x0000,
  0x0000, 0x0000, 0x0000, 0x0000, 0x0000, 0x0000, 0x0000, 0x0000, 0x0000, 0x0000, 0x0000, 0x0000,
  0x0000, 0x0000, 0x0000, 0x0000, 0x0000, 0x0000, 0x0000, 0x0000, 0x0000, 0x0000, 0x0000, 0x0000,
  0x0000, 0x0000, 0x0000, 0x0000, 0x0000, 0x0000, 0x0000, 0x0000, 0x0000, 0x0000, 0x0000, 0x0000,
  0x0000, 0x0000, 0x0000, 0x0000, 0x0000, 0x0000, 0x0000, 0x0000, 0x0000, 0x0000, 0x0000, 0x0000,
  0x0000, 0x0000, 0x0000, 0x0000, 0x0000, 0x0000, 0x0000, 0x0000, 0x0000, 0x0000, 0x0000, 0x0000,
  0x0000, 0x0000, 0x0000, 0x0000, 0x0000, 0x0000, 0x0000, 0x0000, 0x0000, 0x0000, 0x0000, 0x0000,
  0x0820, 0x0800, 0x0000, 0x0000, 0x0000, 0x0000, 0x0000, 0x0000, 0x0000, 0x0000, 0x0000, 0x0000,
  0x0000, 0x0000, 0x0000, 0x0000, 0x0000, 0x0000, 0x0000, 0x0000, 0x0000, 0x0000, 0x0000, 0x0000,
  0x0000, 0x0000, 0x0000, 0x0000, 0x0000, 0x0000, 0x0000, 0x0800, 0x0820, 0x0000, 0x0000, 0x0000,
  0x0000, 0x0000, 0x0000, 0x0000, 0x0000, 0x0000, 0x0000, 0x0000, 0x0000, 0x0000, 0x0000, 0x0000,
  0x0000, 0x0000, 0x0000, 0x0000, 0x0000, 0x0000, 0x0000, 0x0000, 0x0000, 0x0000, 0x0000, 0x0000,
  0x0000, 0x0000, 0x0000, 0x0000, 0x0000, 0x0000, 0x0000, 0x0000, 0x0000, 0x0000, 0x0000, 0x0000,
  0x0000, 0x0000, 0x0000, 0x0000, 0x0000, 0x0000, 0x0000, 0x0000, 0x0000, 0x0000, 0x0000, 0x0000,
  0x0000, 0x0000, 0x0000, 0x0000, 0x0000, 0x0000, 0x0000, 0x0000, 0x0000, 0x0000, 0x0000, 0x0000,
  0x0000, 0x0000, 0x0000, 0x0000, 0x0000, 0x0000, 0x0000, 0x0000, 0x0000, 0x0000, 0x0000, 0x0000,
  0x0000, 0x0000, 0x0000, 0x0000, 0x0000, 0x0000, 0x0000, 0x0000, 0x0000, 0x0000, 0x0000, 0x0000,
  0x0000, 0x0000, 0x0000, 0x0000, 0x0000, 0x0000, 0x0800, 0x0800, 0x0820, 0x0000, 0x0000, 0x0000,
  0x0000, 0x0000, 0x0000, 0x0000, 0x0000, 0x0000, 0x0000, 0x0000, 0x0000, 0x0000, 0x0000, 0x0000,
  0x0000, 0x0000, 0x0000, 0x0000, 0x0000, 0x0000, 0x0000, 0x0000, 0x0000, 0x0000, 0x0000, 0x0000,
  0x0000, 0x0000, 0x0000, 0x0000, 0x0800, 0x0820, 0x0000, 0x0000, 0x0000, 0x0000, 0x0000, 0x0000,
  0x0000, 0x0000, 0x0000, 0x0000, 0x0000, 0x0000, 0x0000, 0x0000, 0x0000, 0x0000, 0x0000, 0x0000,
  0x0000, 0x0000, 0x0000, 0x0000, 0x0000, 0x0000, 0x0000, 0x0000, 0x0000, 0x0000, 0x0000, 0x0000,
  0x0000, 0x0000, 0x0000, 0x0000, 0x0000, 0x0000, 0x0000, 0x0000, 0x0000, 0x0000, 0x0000, 0x0000,
  0x0000, 0x0000, 0x0000, 0x0000, 0x0000, 0x0000, 0x0000, 0x0000, 0x0000, 0x0000, 0x0000, 0x0000,
  0x0000, 0x0000, 0x0000, 0x0000, 0x0000, 0x0000, 0x0000, 0x0000, 0x0000, 0x0000, 0x0000, 0x0000,
  0x0000, 0x0000, 0x0000, 0x0000, 0x0000, 0x0000, 0x0000, 0x0000, 0x0000, 0x0000, 0x0000, 0x0000,
  0x0000, 0x0000, 0x0000, 0x0000, 0x0000, 0x0000, 0x0000, 0x0000, 0x0000, 0x0000, 0x0000, 0x0000,
  0x0000, 0x0000, 0x0800, 0x0820, 0x0800, 0x0000, 0x0000, 0x0000, 0x0000, 0x0000, 0x0000, 0x0000,
  0x0000, 0x0000, 0x0000, 0x0000, 0x0000, 0x0000, 0x0000, 0x0000, 0x0000, 0x0000, 0x0000, 0x0000,
  0x0000, 0x0000, 0x0000, 0x0000, 0x0000, 0x0000, 0x0000, 0x0000, 0x0000, 0x0000, 0x0000, 0x0000,
  0x0800, 0x0000, 0x0821, 0x0000, 0x0000, 0x0000, 0x0000, 0x0000, 0x0000, 0x0000, 0x0000, 0x0000,
  0x0000, 0x0000, 0x0000, 0x0000, 0x0000, 0x0000, 0x0000, 0x0000, 0x0000, 0x0000, 0x0000, 0x0000,
  0x0000, 0x0000, 0x0000, 0x0000, 0x0000, 0x0000, 0x0000, 0x0000, 0x0000, 0x0000, 0x0000, 0x0000,
  0x0000, 0x0000, 0x0000, 0x0000, 0x0000, 0x0000, 0x0000, 0x0000, 0x0000, 0x0000, 0x0000, 0x0000,
  0x0000, 0x0000, 0x0000, 0x0000, 0x0000, 0x0000, 0x0000, 0x0000, 0x0000, 0x0000, 0x0000, 0x0000,
  0x0000, 0x0000, 0x0000, 0x0000, 0x0000, 0x0000, 0x0000, 0x0000, 0x0000, 0x0000, 0x0000, 0x0000,
  0x0000, 0x0000, 0x0000, 0x0000, 0x0000, 0x0000, 0x0000, 0x0000, 0x0000, 0x0000, 0x0000, 0x0000,
  0x0000, 0x0000, 0x0000, 0x0000, 0x0000, 0x0000, 0x0000, 0x0000, 0x0800, 0x1020, 0x0820, 0x1841,
  0x0800, 0x0000, 0x0000, 0x0000, 0x0000, 0x0000, 0x0000, 0x0000, 0x0000, 0x0000, 0x0000, 0x0000,
  0x0000, 0x0000, 0x0000, 0x0000, 0x0000, 0x0000, 0x0000, 0x0000, 0x0000, 0x0000, 0x0000, 0x0000,
  0x0000, 0x0000, 0x0000, 0x0000, 0x0000, 0x0000, 0x0000, 0x0000, 0x0820, 0x0800, 0x0820, 0x1041,
  0x0000, 0x0000, 0x0000, 0x0000, 0x0000, 0x0000, 0x0000, 0x0000, 0x0000, 0x0000, 0x0000, 0x0000,
  0x0000, 0x0000, 0x0000, 0x0000, 0x0000, 0x0000, 0x0000, 0x0000, 0x0820, 0x1820, 0x0000, 0x0000,
  0x0000, 0x0000, 0x0000, 0x0000, 0x0000, 0x0000, 0x0000, 0x0000, 0x0000, 0x0000, 0x0000, 0x0000,
  0x0000, 0x0000, 0x0000, 0x0000, 0x0000, 0x0000, 0x0000, 0x0000, 0x0000, 0x0000, 0x0000, 0x0000,
  0x0000, 0x0000, 0x0000, 0x0000, 0x0000, 0x0000, 0x0000, 0x0000, 0x0000, 0x0000, 0x0000, 0x0000,
  0x0000, 0x0000, 0x0000, 0x0000, 0x0000, 0x0000, 0x0000, 0x0000, 0x0000, 0x0800, 0x0800, 0x0800,
  0x0000, 0x0000, 0x0000, 0x0000, 0x0000, 0x0000, 0x0000, 0x0000, 0x0000, 0x0000, 0x0000, 0x0000,
  0x0000, 0x0000, 0x0000, 0x0000, 0x1820, 0x0820, 0x1041, 0x1821, 0x0000, 0x0000, 0x0000, 0x0000,
  0x0000, 0x0000, 0x0000, 0x0000, 0x0000, 0x0000, 0x0000, 0x0000, 0x0000, 0x0000, 0x0000, 0x0000,
  0x0000, 0x0000, 0x0000, 0x0000, 0x0000, 0x0000, 0x0000, 0x0000, 0x0000, 0x0000, 0x0000, 0x0000,
  0x0000, 0x0000, 0x0000, 0x0000, 0x0800, 0x1020, 0x0820, 0x1061, 0x1041, 0x0000, 0x0000, 0x0000,
  0x0000, 0x0000, 0x0000, 0x0000, 0x0000, 0x0000, 0x0000, 0x0000, 0x0000, 0x0000, 0x0000, 0x0000,
  0x0000, 0x0000, 0x0000, 0x0000, 0x1820, 0x1820, 0x0000, 0x0000, 0x0000, 0x0000, 0x0000, 0x0000,
  0x0000, 0x0000, 0x0000, 0x0000, 0x0000, 0x0000, 0x0000, 0x0000, 0x0000, 0x0000, 0x0000, 0x0000,
  0x0000, 0x0000, 0x0000, 0x0000, 0x0000, 0x0000, 0x0000, 0x0000, 0x0000, 0x0000, 0x0000, 0x0000,
  0x0000, 0x0000, 0x0000, 0x0000, 0x0000, 0x0000, 0x0000, 0x0000, 0x0000, 0x0000, 0x0000, 0x0800,
  0x0000, 0x0000, 0x0000, 0x0000, 0x0000, 0x0000, 0x0800, 0x0800, 0x0800, 0x0000, 0x0000, 0x0000,
  0x0000, 0x0000, 0x0000, 0x0000, 0x0000, 0x0000, 0x0000, 0x0000, 0x0000, 0x0000, 0x0000, 0x1020,
  0x1820, 0x0841, 0x2061, 0x2022, 0x0000, 0x0000, 0x0000, 0x0000, 0x0000, 0x0000, 0x0000, 0x0000,
  0x0000, 0x0000, 0x0000, 0x0000, 0x0000, 0x0000, 0x0000, 0x0000, 0x0000, 0x0000, 0x0000, 0x0000,
  0x0000, 0x0000, 0x0000, 0x0000, 0x0000, 0x0000, 0x0000, 0x0000, 0x0000, 0x0000, 0x0000, 0x0000,
  0x0000, 0x1840, 0x0820, 0x1061, 0x2083, 0x0000, 0x0000, 0x0000, 0x0000, 0x0000, 0x0000, 0x0000,
  0x0000, 0x0000, 0x0000, 0x0000, 0x0000, 0x0000, 0x0000, 0x0000, 0x0000, 0x0000, 0x0000, 0x0000,
  0x0000, 0x0000, 0x0000, 0x0000, 0x0000, 0x0000, 0x0000, 0x0000, 0x0000, 0x0000, 0x0000, 0x0000,
  0x0000, 0x0000, 0x0000, 0x0000, 0x0000, 0x0000, 0x0000, 0x0000, 0x0000, 0x0000, 0x0000, 0x0000,
  0x0000, 0x0000, 0x0000, 0x0000, 0x0000, 0x0000, 0x0000, 0x0800, 0x0800, 0x0800, 0x0800, 0x0800,
  0x0800, 0x0000, 0x0000, 0x0000, 0x0000, 0x0800, 0x0800, 0x0800, 0x0000, 0x0000, 0x0000, 0x0000,
  0x0000, 0x0000, 0x0000, 0x1000, 0x0800, 0x0800, 0x0000, 0x0000, 0x0000, 0x0000, 0x0000, 0x0000,
  0x0000, 0x0000, 0x0000, 0x0000, 0x0000, 0x0800, 0x0000, 0x2041, 0x1020, 0x1882, 0x2861, 0x2022,
  0x0000, 0x0000, 0x0000, 0x0000, 0x0000, 0x0000, 0x0000, 0x0000, 0x0000, 0x0000, 0x0000, 0x0000,
  0x0000, 0x0000, 0x0000, 0x0000, 0x0000, 0x0000, 0x0000, 0x0000, 0x0000, 0x0000, 0x0000, 0x0000,
  0x0000, 0x0000, 0x0000, 0x0000, 0x0000, 0x0000, 0x0000, 0x0000, 0x0000, 0x2041, 0x1020, 0x0841,
  0x2083, 0x1042, 0x0000, 0x0000, 0x0000, 0x0000, 0x0000, 0x0000, 0x0000, 0x0000, 0x0000, 0x0000,
  0x0000, 0x0000, 0x0000, 0x0000, 0x0000, 0x0000, 0x0000, 0x0000, 0x0000, 0x0000, 0x0000, 0x0000,
  0x0000, 0x0000, 0x0000, 0x0000, 0x0000, 0x0000, 0x0000, 0x0000, 0x0000, 0x0000, 0x0000, 0x0000,
  0x0000, 0x0000, 0x0000, 0x0000, 0x0000, 0x0000, 0x0000, 0x0000, 0x0000, 0x0000, 0x0000, 0x0000,
  0x0000, 0x0000, 0x0000, 0x0800, 0x0800, 0x0800, 0x0800, 0x0800, 0x0800, 0x0000, 0x0000, 0x0000,
  0x0800, 0x0000, 0x2020, 0x0800, 0x0000, 0x0000, 0x0000, 0x0000, 0x0000, 0x0000, 0x0000, 0x1000,
  0x0800, 0x0800, 0x0800, 0x0000, 0x0000, 0x0800, 0x0000, 0x0000, 0x0000, 0x0800, 0x0000, 0x0800,
  0x0800, 0x0800, 0x1020, 0x2040, 0x0841, 0x20C2, 0x2882, 0x2022, 0x0000, 0x0800, 0x0800, 0x0000,
  0x0000, 0x0000, 0x0000, 0x0000, 0x0000, 0x0000, 0x0000, 0x0000, 0x0000, 0x0000, 0x0000, 0x0820,
  0x1862, 0x0000, 0x0800, 0x0000, 0x0000, 0x0000, 0x0000, 0x0000, 0x0000, 0x0000, 0x0000, 0x0000,
  0x0000, 0x0000, 0x0000, 0x0000, 0x0000, 0x2041, 0x1040, 0x0841, 0x20A3, 0x30C5, 0x0000, 0x0800,
  0x0800, 0x0800, 0x0800, 0x0800, 0x0000, 0x0800, 0x0800, 0x0000, 0x0000, 0x0800, 0x0000, 0x0000,
  0x0000, 0x0000, 0x0000, 0x0000, 0x0000, 0x0000, 0x0000, 0x0000, 0x0000, 0x0000, 0x0000, 0x0000,
  0x0000, 0x0000, 0x0000, 0x0000, 0x0000, 0x0000, 0x0000, 0x0000, 0x0000, 0x0000, 0x0000, 0x0000,
  0x0000, 0x0000, 0x0000, 0x0000, 0x0000, 0x0000, 0x0000, 0x0000, 0x0800, 0x0800, 0x0800, 0x0800,
  0x0800, 0x0800, 0x0800, 0x0800, 0x0800, 0x0800, 0x0800, 0x0800, 0x0800, 0x0000, 0x0800, 0x0800,
  0x0800, 0x0800, 0x0800, 0x0800, 0x0800, 0x0800, 0x0800, 0x1000, 0x1020, 0x1000, 0x0800, 0x0800,
  0x0800, 0x0800, 0x0800, 0x0800, 0x0800, 0x0800, 0x0800, 0x0800, 0x1020, 0x0800, 0x2041, 0x2840,
  0x1061, 0x20C2, 0x3062, 0x2822, 0x0000, 0x0800, 0x0800, 0x0800, 0x0000, 0x0800, 0x0800, 0x0800,
  0x0800, 0x0800, 0x0800, 0x0800, 0x0000, 0x0800, 0x0800, 0x1840, 0x30A3, 0x0000, 0x0800, 0x0800,
  0x0800, 0x0800, 0x0000, 0x0000, 0x0000, 0x0000, 0x0000, 0x0000, 0x0000, 0x0000, 0x0000, 0x0000,
  0x0000, 0x2061, 0x1040, 0x1882, 0x1882, 0x30C5, 0x0821, 0x0800, 0x0800, 0x0800, 0x0800, 0x0800,
  0x0800, 0x0800, 0x0800, 0x0800, 0x0800, 0x0800, 0x0800, 0x0800, 0x0800, 0x0000, 0x0000, 0x0000,
  0x0000, 0x0000, 0x0000, 0x0800, 0x0000, 0x0800, 0x0000, 0x0000, 0x0000, 0x0000, 0x0000, 0x0000,
  0x0000, 0x0000, 0x0000, 0x0000, 0x0000, 0x0000, 0x0000, 0x0000, 0x0000, 0x0000, 0x0000, 0x0000,
  0x0000, 0x0000, 0x0800, 0x0800, 0x0800, 0x0800, 0x0800, 0x0820, 0x0800, 0x0800, 0x0800, 0x0800,
  0x0800, 0x0800, 0x0800, 0x0800, 0x0800, 0x0800, 0x0800, 0x0800, 0x0800, 0x0800, 0x0800, 0x0800,
  0x0800, 0x0800, 0x0800, 0x1820, 0x1820, 0x0820, 0x0800, 0x0800, 0x0800, 0x0800, 0x0800, 0x0800,
  0x0820, 0x1020, 0x0820, 0x1020, 0x1020, 0x0820, 0x3061, 0x2020, 0x1882, 0x28A2, 0x3062, 0x2842,
  0x0800, 0x0820, 0x0800, 0x0800, 0x0800, 0x0800, 0x0820, 0x0820, 0x0820, 0x0800, 0x0800, 0x0800,
  0x0800, 0x0820, 0x0800, 0x2860, 0x40E4, 0x0821, 0x0800, 0x0820, 0x0800, 0x0800, 0x0800, 0x0800,
  0x0800, 0x0000, 0x0800, 0x0000, 0x0000, 0x0000, 0x0800, 0x0820, 0x0000, 0x2861, 0x1861, 0x20A2,
  0x1881, 0x3907, 0x1842, 0x0000, 0x0800, 0x0800, 0x0820, 0x0820, 0x0820, 0x0820, 0x0820, 0x0800,
  0x0800, 0x0820, 0x0800, 0x0800, 0x0820, 0x0800, 0x0800, 0x0800, 0x0800, 0x0800, 0x0800, 0x0800,
  0x0800, 0x0800, 0x0000, 0x0000, 0x0000, 0x0000, 0x0000, 0x0000, 0x0000, 0x0000, 0x0000, 0x0000,
  0x0000, 0x0000, 0x0000, 0x0000, 0x0000, 0x0000, 0x0000, 0x0000, 0x0800, 0x0800, 0x0800, 0x0800,
  0x0800, 0x0800, 0x0800, 0x0820, 0x0800, 0x0800, 0x0800, 0x0800, 0x0800, 0x0800, 0x0800, 0x0800,
  0x0800, 0x0800, 0x0800, 0x0800, 0x0820, 0x0820, 0x0800, 0x0800, 0x0820, 0x0820, 0x1820, 0x2020,
  0x1020, 0x0800, 0x0800, 0x0800, 0x0800, 0x0820, 0x0800, 0x0800, 0x0820, 0x1020, 0x1020, 0x1821,
  0x1021, 0x1020, 0x4881, 0x1820, 0x20C2, 0x4144, 0x3082, 0x3062, 0x0800, 0x1020, 0x0820, 0x0800,
  0x0800, 0x0820, 0x0820, 0x1020, 0x0820, 0x0820, 0x0800, 0x0820, 0x1020, 0x1020, 0x0800, 0x40A1,
  0x4104, 0x1842, 0x0800, 0x1020, 0x0820, 0x0800, 0x0800, 0x0800, 0x0800, 0x0800, 0x0800, 0x0800,
  0x0800, 0x0800, 0x0800, 0x0800, 0x0820, 0x3081, 0x1861, 0x20A2, 0x1061, 0x4928, 0x2084, 0x0000,
  0x0821, 0x0800, 0x0800, 0x0800, 0x0820, 0x0820, 0x0820, 0x0800, 0x0800, 0x0820, 0x0800, 0x0800,
  0x0820, 0x0820, 0x0800, 0x0820, 0x0820, 0x0800, 0x0800, 0x0800, 0x0800, 0x0800, 0x0800, 0x0000,
  0x0800, 0x0800, 0x0800, 0x0800, 0x0800, 0x2841, 0x0800, 0x0000, 0x0800, 0x0000, 0x0000, 0x0000,
  0x0000, 0x0000, 0x0000, 0x0000, 0x0820, 0x0820, 0x0820, 0x0800, 0x0820, 0x0820, 0x0820, 0x1020,
  0x1020, 0x0820, 0x0820, 0x0820, 0x0820, 0x0800, 0x0820, 0x0820, 0x0820, 0x0820, 0x0820, 0x0820,
  0x0820, 0x0820, 0x0820, 0x0820, 0x0820, 0x1020, 0x2821, 0x1820, 0x1020, 0x1020, 0x1020, 0x0820,
  0x0820, 0x0820, 0x0820, 0x1020, 0x1020, 0x1820, 0x1820, 0x1821, 0x1821, 0x1821, 0x3861, 0x1020,
  0x28C3, 0x3924, 0x30C3, 0x4884, 0x1021, 0x1020, 0x1020, 0x1020, 0x1020, 0x1020, 0x1020, 0x1020,
  0x1020, 0x1020, 0x1020, 0x1820, 0x1020, 0x0800, 0x1020, 0x60E2, 0x3924, 0x2884, 0x1020, 0x0800,
  0x0820, 0x1020, 0x1020, 0x0820, 0x0820, 0x0800, 0x0800, 0x0820, 0x0820, 0x0820, 0x0820, 0x0820,
  0x1821, 0x40A2, 0x1061, 0x20C2, 0x2082, 0x5169, 0x28A5, 0x0800, 0x0821, 0x0821, 0x0821, 0x0821,
  0x0821, 0x0821, 0x0820, 0x0820, 0x0820, 0x0820, 0x1020, 0x1020, 0x0820, 0x0820, 0x0820, 0x1020,
  0x0821, 0x0820, 0x0820, 0x0821, 0x0820, 0x0820, 0x0820, 0x0820, 0x0820, 0x0820, 0x0820, 0x0000,
  0x2841, 0x5082, 0x0000, 0x0820, 0x0800, 0x0800, 0x0800, 0x0800, 0x0020, 0x0020, 0x0000, 0x0000,
  0x0820, 0x0820, 0x0820, 0x0800, 0x0820, 0x1020, 0x1020, 0x1020, 0x1020, 0x1020, 0x1020, 0x1020,
  0x1021, 0x0800, 0x1020, 0x1021, 0x1021, 0x1020, 0x0820, 0x0820, 0x0820, 0x0820, 0x1020, 0x1020,
  0x1021, 0x2021, 0x3021, 0x1820, 0x1020, 0x1020, 0x1020, 0x1020, 0x0820, 0x0820, 0x0820, 0x1020,
  0x1820, 0x1821, 0x1821, 0x2021, 0x1821, 0x1021, 0x58A2, 0x2840, 0x20A2, 0x3903, 0x28C2, 0x4884,
  0x3043, 0x0820, 0x1021, 0x1021, 0x1021, 0x1020, 0x1020, 0x1020, 0x1820, 0x1820, 0x1821, 0x1001,
  0x3061, 0x60C2, 0x6902, 0x6902, 0x3124, 0x30C5, 0x40E5, 0x38A3, 0x2041, 0x0800, 0x1020, 0x1021,
  0x1020, 0x0820, 0x0800, 0x0820, 0x0820, 0x0820, 0x0820, 0x0000, 0x3081, 0x30A1, 0x20A2, 0x3103,
  0x1861, 0x516A, 0x30C6, 0x0800, 0x1021, 0x1021, 0x1021, 0x0821, 0x0821, 0x0821, 0x0820, 0x0821,
  0x0821, 0x0821, 0x1021, 0x1021, 0x1021, 0x0821, 0x1021, 0x1021, 0x1021, 0x0821, 0x0821, 0x0821,
  0x0821, 0x0821, 0x0821, 0x0821, 0x0821, 0x0821, 0x0821, 0x0821, 0x1821, 0x1021, 0x0000, 0x0820,
  0x0800, 0x0820, 0x0820, 0x0800, 0x0820, 0x0820, 0x0820, 0x0000, 0x0820, 0x0820, 0x0820, 0x0820,
  0x0820, 0x1020, 0x1020, 0x1020, 0x1820, 0x1020, 0x1020, 0x1820, 0x1820, 0x1020, 0x1820, 0x1821,
  0x1021, 0x1821, 0x1021, 0x1020, 0x0820, 0x1020, 0x1020, 0x0820, 0x1021, 0x1820, 0x2020, 0x2821,
  0x1020, 0x1020, 0x1020, 0x1020, 0x1020, 0x1020, 0x1020, 0x1020, 0x1821, 0x2021, 0x2021, 0x2021,
  0x2021, 0x1821, 0x4081, 0x2020, 0x1861, 0x3124, 0x3924, 0x30A2, 0x5085, 0x1020, 0x1821, 0x1020,
  0x1020, 0x1020, 0x1020, 0x1821, 0x2041, 0x1801, 0x2841, 0x7922, 0x8963, 0x6123, 0x18C3, 0x38A1,
  0x4986, 0x1062, 0x2944, 0x3924, 0x4925, 0x48E5, 0x1821, 0x0800, 0x1021, 0x1020, 0x1020, 0x0820,
  0x1020, 0x0820, 0x0820, 0x1020, 0x40A1, 0x1881, 0x30E3, 0x3103, 0x0820, 0x618C, 0x30A5, 0x0800,
  0x1021, 0x1021, 0x0821, 0x0821, 0x0821, 0x0821, 0x0821, 0x0820, 0x0820, 0x0820, 0x1021, 0x1021,
  0x1021, 0x1021, 0x1021, 0x1021, 0x1021, 0x1021, 0x1021, 0x0821, 0x0821, 0x0821, 0x0821, 0x0821,
  0x0820, 0x0821, 0x0821, 0x0821, 0x0800, 0x0800, 0x0820, 0x0800, 0x0820, 0x0800, 0x0820, 0x0820,
  0x0820, 0x0820, 0x0000, 0x0000, 0x0820, 0x0820, 0x0820, 0x0820, 0x0820, 0x0820, 0x1020, 0x1820,
  0x1020, 0x0820, 0x0820, 0x1020, 0x1020, 0x1820, 0x1820, 0x2021, 0x2021, 0x2821, 0x1821, 0x1821,
  0x1020, 0x1020, 0x1020, 0x1020, 0x1820, 0x1020, 0x2021, 0x3021, 0x2821, 0x1020, 0x1020, 0x1020,
  0x1020, 0x1020, 0x1020, 0x1020, 0x1821, 0x2021, 0x2021, 0x2021, 0x2041, 0x1021, 0x50A1, 0x3040,
  0x0820, 0x51E7, 0x49C6, 0x18A1, 0x40A5, 0x4063, 0x1020, 0x1821, 0x1821, 0x1820, 0x1821, 0x2841,
  0x1000, 0x48C2, 0xA9C4, 0x8943, 0x30C2, 0x20E3, 0x3985, 0x30A2, 0x3124, 0x18A3, 0x41A6, 0x3165,
  0x2903, 0x3924, 0x5946, 0x3083, 0x0800, 0x1021, 0x1020, 0x1020, 0x1020, 0x1020, 0x0800, 0x4081,
  0x28A1, 0x1881, 0x28E3, 0x28E3, 0x1862, 0x61AC, 0x2885, 0x0800, 0x1021, 0x1021, 0x0821, 0x0821,
  0x0821, 0x0821, 0x0820, 0x0820, 0x0820, 0x0821, 0x0821, 0x1021, 0x1021, 0x1021, 0x1021, 0x1021,
  0x1021, 0x1021, 0x1021, 0x0821, 0x0821, 0x0821, 0x0821, 0x0821, 0x0821, 0x0821, 0x0821, 0x0821,
  0x0821, 0x0821, 0x0821, 0x0820, 0x0820, 0x0800, 0x0800, 0x0820, 0x0820, 0x0820, 0x0020, 0x0000,
  0x0820, 0x0820, 0x0820, 0x0820, 0x0820, 0x1020, 0x1020, 0x1820, 0x1020, 0x1020, 0x1020, 0x1020,
  0x1020, 0x1820, 0x1020, 0x1821, 0x2821, 0x2821, 0x1820, 0x1020, 0x1020, 0x1020, 0x1820, 0x1821,
  0x0820, 0x1821, 0x3021, 0x3821, 0x3821, 0x2020, 0x0820, 0x1020, 0x1820, 0x1020, 0x1021, 0x1020,
  0x1821, 0x1821, 0x2021, 0x2021, 0x2021, 0x1821, 0x3881, 0x3861, 0x1000, 0x18A2, 0x3124, 0x3124,
  0x18A2, 0x40A3, 0x4084, 0x1020, 0x1821, 0x2021, 0x2041, 0x1001, 0x5902, 0xCA65, 0x50C2, 0x38C2,
  0x3964, 0x41A6, 0x4A07, 0x28E3, 0x2944, 0x3144, 0x5A48, 0x41A6, 0x3985, 0x2903, 0x3123, 0x6988,
  0x3083, 0x0800, 0x1021, 0x1020, 0x0800, 0x0800, 0x48A2, 0x50E2, 0x1882, 0x3103, 0x28E3, 0x1882,
  0x28A3, 0x61CD, 0x1842, 0x0800, 0x1021, 0x1021, 0x1021, 0x0821, 0x0821, 0x0820, 0x0820, 0x0820,
  0x0820, 0x0821, 0x0820, 0x1021, 0x1021, 0x1021, 0x1821, 0x1021, 0x1021, 0x1021, 0x1021, 0x0821,
  0x0821, 0x0821, 0x0821, 0x0821, 0x0821, 0x0821, 0x0821, 0x0821, 0x0821, 0x0821, 0x0821, 0x0821,
  0x0820, 0x0820, 0x0800, 0x0820, 0x0820, 0x0820, 0x0000, 0x0000, 0x0820, 0x0820, 0x0820, 0x0820,
  0x1020, 0x1020, 0x1821, 0x1821, 0x1020, 0x1020, 0x1020, 0x1020, 0x1020, 0x1821, 0x1020, 0x1020,
  0x2021, 0x2821, 0x3021, 0x1020, 0x1020, 0x1820, 0x2841, 0x1020, 0x1821, 0x4021, 0x5821, 0x4821,
  0x1020, 0x3021, 0x2821, 0x2021, 0x2021, 0x1820, 0x1821, 0x1820, 0x1020, 0x1820, 0x2041, 0x2021,
  0x2021, 0x1821, 0x2861, 0x58C2, 0x1000, 0x1861, 0x3124, 0x3103, 0x2903, 0x1861, 0x3884, 0x50A2,
  0x4061, 0x1821, 0x2041, 0x7942, 0x99C4, 0x50E2, 0x2061, 0x3944, 0x41C6, 0x5A89, 0x5AA9, 0x28E3,
  0x3144, 0x3185, 0x732B, 0x6289, 0x5A69, 0x5228, 0x2904, 0x3103, 0x5146, 0x40E4, 0x1021, 0x1021,
  0x3061, 0x48A1, 0x38A2, 0x1081, 0x30E3, 0x28E3, 0x28E3, 0x0820, 0x30E4, 0x61AC, 0x0800, 0x1020,
  0x1020, 0x1021, 0x1021, 0x1021, 0x0820, 0x0821, 0x0820, 0x0820, 0x0820, 0x0821, 0x0821, 0x0820,
  0x1021, 0x1821, 0x1821, 0x1821, 0x1821, 0x1021, 0x1021, 0x1021, 0x0821, 0x0821, 0x0821, 0x0821,
  0x1021, 0x1021, 0x0821, 0x0821, 0x0821, 0x0821, 0x0821, 0x0821, 0x0821, 0x0820, 0x0820, 0x0820,
  0x0820, 0x0820, 0x0000, 0x0020, 0x0820, 0x0820, 0x0820, 0x1020, 0x1020, 0x1020, 0x1820, 0x1821,
  0x1020, 0x1020, 0x1020, 0x1020, 0x1020, 0x1020, 0x1020, 0x1820, 0x1820, 0x2020, 0x2821, 0x2021,
  0x1821, 0x1820, 0x2020, 0x1820, 0x3821, 0x6021, 0x8041, 0x3021, 0x1820, 0x2021, 0x4021, 0x3021,
  0x2021, 0x2021, 0x2021, 0x1821, 0x1020, 0x1820, 0x2841, 0x2841, 0x2041, 0x2041, 0x2041, 0x50C2,
  0x2020, 0x1000, 0x20A2, 0x4185, 0x2903, 0x28E3, 0x1061, 0x2061, 0x50A2, 0x50C2, 0x58C2, 0x5902,
  0x1841, 0x1881, 0x3123, 0x2924, 0x4A27, 0x5A89, 0x738C, 0x39A6, 0x20C3, 0x5A89, 0x83EE, 0x6ACA,
  0x62AA, 0x4A07, 0x2924, 0x28E3, 0x1081, 0x38E5, 0x3084, 0x48C2, 0x50E2, 0x1861, 0x20C2, 0x28E3,
  0x4185, 0x3924, 0x1040, 0x1041, 0x4108, 0x38C7, 0x0800, 0x1021, 0x1021, 0x1021, 0x1021, 0x0820,
  0x0820, 0x0820, 0x0820, 0x0820, 0x0820, 0x1021, 0x1021, 0x0820, 0x1021, 0x1821, 0x1821, 0x1821,
  0x1821, 0x1821, 0x1021, 0x1021, 0x1021, 0x0821, 0x0821, 0x0821, 0x1021, 0x1021, 0x0821, 0x0821,
  0x0821, 0x0821, 0x0821, 0x0821, 0x0821, 0x0821, 0x0820, 0x0820, 0x0820, 0x0820, 0x0820, 0x0000,
  0x1020, 0x1020, 0x1020, 0x1020, 0x1020, 0x1020, 0x1020, 0x1820, 0x1820, 0x1020, 0x1020, 0x1020,
  0x1020, 0x1020, 0x1820, 0x1821, 0x1821, 0x2021, 0x2821, 0x3021, 0x4821, 0x2020, 0x2820, 0x4821,
  0x6821, 0x9821, 0x6821, 0x2021, 0x2020, 0x2020, 0x3021, 0x3821, 0x3821, 0x3021, 0x2821, 0x2821,
  0x1820, 0x2021, 0x2841, 0x2841, 0x2041, 0x2041, 0x2021, 0x40A2, 0x4081, 0x1000, 0x1840, 0x20C2,
  0x3124, 0x20C2, 0x28E3, 0x0841, 0x0861, 0x1020, 0x1820, 0x0000, 0x1882, 0x20C2, 0x3165, 0x4A07,
  0x5A89, 0x734B, 0x8C2F, 0x39A6, 0x2061, 0x5AAA, 0x9CD2, 0x840E, 0x5AA9, 0x39A6, 0x2924, 0x2924,
  0x1061, 0x0020, 0x0820, 0x1881, 0x1061, 0x1882, 0x3103, 0x3965, 0x1882, 0x20C2, 0x1841, 0x1061,
  0x594B, 0x2043, 0x1020, 0x1021, 0x1021, 0x1020, 0x1021, 0x1020, 0x0820, 0x0820, 0x0820, 0x0820,
  0x1020, 0x0820, 0x1021, 0x1821, 0x1821, 0x2041, 0x2041, 0x1821, 0x1021, 0x1021, 0x0821, 0x1021,
  0x1021, 0x1021, 0x0821, 0x2841, 0x1021, 0x1021, 0x0821, 0x0821, 0x0821, 0x0821, 0x0820, 0x0821,
  0x0821, 0x0821, 0x0820, 0x0820, 0x0820, 0x0820, 0x0820, 0x0820, 0x1020, 0x1020, 0x1020, 0x1020,
  0x1020, 0x1020, 0x1820, 0x2020, 0x2020, 0x1020, 0x1020, 0x1820, 0x1820, 0x1820, 0x1821, 0x1020,
  0x1820, 0x2021, 0x2821, 0x4841, 0x6021, 0x3021, 0x4821, 0x7041, 0xA841, 0x9821, 0x4021, 0x3821,
  0x3000, 0x3000, 0x3820, 0x4041, 0x4841, 0x5041, 0x3041, 0x3021, 0x2821, 0x2821, 0x3041, 0x2841,
  0x2841, 0x2841, 0x2841, 0x2041, 0x8123, 0x2820, 0x0800, 0x1040, 0x3124, 0x3103, 0x3144, 0x3103,
  0x28E3, 0x1882, 0x1061, 0x0841, 0x18A2, 0x1882, 0x4A27, 0x5A48, 0x6B0B, 0x8C2F, 0x9CD1, 0x5269,
  0x1861, 0x5A89, 0x8C30, 0x8C50, 0x7B8D, 0x62EA, 0x4A07, 0x1881, 0x1061, 0x1041, 0x1061, 0x28E3,
  0x28E3, 0x4165, 0x3103, 0x3124, 0x20A2, 0x0000, 0x1020, 0x4107, 0x510A, 0x0800, 0x1021, 0x1021,
  0x1021, 0x1020, 0x1020, 0x1020, 0x1020, 0x1020, 0x1020, 0x1021, 0x1021, 0x1021, 0x2041, 0x2041,
  0x2021, 0x2021, 0x1821, 0x2041, 0x1821, 0x1021, 0x1021, 0x1021, 0x1021, 0x0001, 0x58C2, 0xA123,
  0x0001, 0x1021, 0x1021, 0x0821, 0x0821, 0x0821, 0x0801, 0x0821, 0x0821, 0x0820, 0x0820, 0x0820,
  0x0820, 0x0820, 0x0820, 0x0820, 0x1820, 0x1020, 0x1020, 0x1020, 0x1020, 0x1020, 0x1821, 0x1820,
  0x2821, 0x2021, 0x1821, 0x1820, 0x1820, 0x1820, 0x1820, 0x1820, 0x2821, 0x1820, 0x2821, 0x3841,
  0x5041, 0x8021, 0x8000, 0x9000, 0xC001, 0x8800, 0x6800, 0x8801, 0x9821, 0x8821, 0x8001, 0x7000,
  0x6800, 0x5800, 0x4000, 0x3800, 0x3841, 0x3841, 0x4041, 0x3841, 0x3041, 0x2841, 0x2841, 0x2021,
  0x50C2, 0x50C1, 0x0800, 0x1000, 0x0800, 0x20C3, 0x1061, 0x20C2, 0x20C2, 0x3124, 0x2903, 0x1882,
  0x3165, 0x4A07, 0x49E7, 0x5A69, 0x6AEA, 0x942F, 0xC5F6, 0x9450, 0x20E3, 0xB554, 0x83CE, 0x9491,
  0x730B, 0x734C, 0x41C6, 0x41E7, 0x2924, 0x2904, 0x2903, 0x3124, 0x3103, 0x28E3, 0x3924, 0x20A2,
  0x0820, 0x0800, 0x1861, 0x618C, 0x2043, 0x1020, 0x1821, 0x1020, 0x1021, 0x1021, 0x1020, 0x1020,
  0x1020, 0x1020, 0x1020, 0x1020, 0x1821, 0x2041, 0x2041, 0x1821, 0x2021, 0x2021, 0x2021, 0x2021,
  0x1021, 0x1021, 0x1021, 0x1021, 0x1021, 0x0001, 0x78E2, 0x60C2, 0x0001, 0x1021, 0x1021, 0x0821,
  0x0821, 0x0821, 0x0821, 0x0821, 0x0820, 0x0820, 0x0820, 0x0820, 0x0820, 0x0820, 0x0820, 0x0820,
  0x1820, 0x1820, 0x1020, 0x1020, 0x1020, 0x1020, 0x1820, 0x1820, 0x2021, 0x2821, 0x1820, 0x2020,
  0x1020, 0x2020, 0x1820, 0x2020, 0x2821, 0x2821, 0x3800, 0x4000, 0x7000, 0xC841, 0xC944, 0xD265,
  0xE347, 0xEBC8, 0xEC08, 0xF489, 0xF489, 0xFCC9, 0xF4EA, 0xECAA, 0xE409, 0xC307, 0xA1C4, 0x8882,
  0x7000, 0x5000, 0x5821, 0x5861, 0x5041, 0x3041, 0x2841, 0x2841, 0x2021, 0x6102, 0x48A1, 0x1000,
  0x1020, 0x0800, 0x1061, 0x1881, 0x1041, 0x1881, 0x1882, 0x1882, 0x3165, 0x39A6, 0x2903, 0x5A68,
  0x6AA9, 0x8BEE, 0x9CD1, 0x9450, 0x738D, 0xC5D6, 0xAD33, 0x8C2F, 0x836C, 0x7B4B, 0x2944, 0x49E7,
  0x3165, 0x20E3, 0x20A2, 0x1882, 0x2082, 0x1041, 0x1861, 0x0800, 0x0800, 0x1860, 0x594A, 0x38A6,
  0x0800, 0x1821, 0x1821, 0x1821, 0x1021, 0x1021, 0x1021, 0x1021, 0x1021, 0x1021, 0x1021, 0x1021,
  0x2041, 0x2021, 0x2021, 0x2041, 0x2021, 0x2021, 0x2021, 0x1021, 0x1021, 0x1021, 0x1021, 0x1021,
  0x1021, 0x1021, 0x1021, 0x0821, 0x1021, 0x1021, 0x1021, 0x0821, 0x0821, 0x0821, 0x0821, 0x0821,
  0x0821, 0x0820, 0x0820, 0x0820, 0x0820, 0x0820, 0x0820, 0x0820, 0x2021, 0x1821, 0x1820, 0x1820,
  0x1020, 0x1020, 0x1820, 0x2821, 0x2821, 0x2021, 0x1820, 0x1020, 0x2021, 0x1820, 0x1820, 0x2020,
  0x2000, 0x4000, 0x8821, 0xBA05, 0xEC49, 0xF52A, 0xFD2A, 0xFC48, 0xFBC6, 0xF2C5, 0xF2A4, 0xF2C5,
  0xF365, 0xF3A6, 0xFC68, 0xFD8A, 0xFD4A, 0xFDAB, 0xFE0C, 0xFDAC, 0xDC8A, 0xB266, 0x8862, 0x6000,
  0x5841, 0x4841, 0x2041, 0x2841, 0x2841, 0x2841, 0x7183, 0x4881, 0x1800, 0x0800, 0x0000, 0x0820,
  0x1061, 0x1061, 0x0000, 0x0840, 0x1041, 0x18C2, 0x3986, 0x3985, 0x732B, 0x734B, 0x7B6C, 0x9C91,
  0xA4B1, 0xA513, 0x83CE, 0x83AD, 0x5227, 0x49E7, 0x39A6, 0x1882, 0x1061, 0x1041, 0x0820, 0x1061,
  0x1061, 0x0820, 0x0000, 0x0800, 0x1040, 0x48E8, 0x50E9, 0x1000, 0x1821, 0x1021, 0x1821, 0x1821,
  0x1021, 0x1020, 0x1020, 0x1021, 0x1021, 0x1021, 0x1021, 0x2021, 0x2021, 0x2021, 0x2041, 0x2041,
  0x2041, 0x2021, 0x1021, 0x1021, 0x1021, 0x1021, 0x1021, 0x1021, 0x1021, 0x1021, 0x1021, 0x1021,
  0x1021, 0x1021, 0x1021, 0x0821, 0x0821, 0x0821, 0x0821, 0x0821, 0x0821, 0x0820, 0x1021, 0x0820,
  0x0800, 0x0800, 0x0820, 0x0820, 0x2021, 0x2021, 0x1820, 0x1820, 0x1820, 0x1820, 0x2021, 0x3021,
  0x3821, 0x3821, 0x2821, 0x1020, 0x2020, 0x2820, 0x1820, 0x1800, 0x48A1, 0xBBA8, 0xF5EC, 0xFDAA,
  0xFC68, 0xFBA6, 0xEA03, 0xE9C3, 0xEA24, 0xD983, 0xC943, 0xD183, 0xD1C4, 0xE1C4, 0xEAE5, 0xE285,
  0xEB06, 0xEB06, 0xF327, 0xF3E8, 0xFD6B, 0xFE6D, 0xF5ED, 0xB2E7, 0x6862, 0x4861, 0x3041, 0x2841,
  0x2841, 0x3041, 0x3861, 0x7983, 0x58C1, 0x0000, 0x1000, 0x0800, 0x0000, 0x0000, 0x0820, 0x0820,
  0x1041, 0x20C2, 0x4A07, 0x41C6, 0x3985, 0x62CA, 0x7B8C, 0x7B6C, 0x62A8, 0x942F, 0x8BCD, 0x5A89,
  0x18C3, 0x5228, 0x41C6, 0x1061, 0x0841, 0x0841, 0x0000, 0x0000, 0x0000, 0x0000, 0x0800, 0x0820,
  0x40C7, 0x50C9, 0x1020, 0x1821, 0x1821, 0x1821, 0x1821, 0x1821, 0x1821, 0x1020, 0x1020, 0x1821,
  0x1821, 0x1021, 0x1020, 0x1821, 0x2021, 0x2821, 0x2841, 0x2841, 0x2041, 0x1021, 0x1821, 0x1821,
  0x1021, 0x1021, 0x1021, 0x1021, 0x1021, 0x1021, 0x1021, 0x1021, 0x1021, 0x1021, 0x1021, 0x1021,
  0x1021, 0x1021, 0x0821, 0x0821, 0x0821, 0x0821, 0x0821, 0x1020, 0x1020, 0x1020, 0x1020, 0x0820,
  0x2041, 0x2021, 0x2020, 0x2020, 0x1820, 0x2020, 0x3021, 0x3821, 0x4841, 0x3021, 0x2021, 0x1820,
  0x1820, 0x1820, 0x1821, 0x2020, 0x4861, 0xD3C8, 0xF366, 0xEA44, 0xE143, 0xD983, 0xE1E4, 0xC102,
  0xB902, 0xA8C2, 0xA0C2, 0xA8C2, 0xC122, 0xEA85, 0xE265, 0xC963, 0xD183, 0xEA25, 0xFB06, 0xEB26,
  0xDAC6, 0xB9E4, 0xA1A4, 0x9984, 0x6882, 0x4861, 0x3861, 0x2841, 0x2841, 0x3061, 0x3041, 0x4882,
  0x6942, 0x60E1, 0x2020, 0x0000, 0x0800, 0x0000, 0x0000, 0x0820, 0x1041, 0x2924, 0x3964, 0x5A68,
  0x4A27, 0x2924, 0x5248, 0x6B2B, 0x942F, 0x732B, 0x3165, 0x2944, 0x5A89, 0x49C6, 0x3144, 0x3124,
  0x0820, 0x0000, 0x0000, 0x0000, 0x0000, 0x0800, 0x1822, 0x3886, 0x40A6, 0x1820, 0x2041, 0x1821,
  0x1821, 0x2041, 0x1821, 0x2041, 0x2041, 0x1020, 0x1020, 0x1821, 0x2041, 0x1021, 0x1020, 0x1021,
  0x1821, 0x2841, 0x2841, 0x2841, 0x2021, 0x1021, 0x1821, 0x1021, 0x1021, 0x1021, 0x1021, 0x1021,
  0x1021, 0x1021, 0x1021, 0x1021, 0x1021, 0x1021, 0x1021, 0x1021, 0x1021, 0x1021, 0x0821, 0x1021,
  0x1021, 0x1021, 0x1821, 0x1821, 0x1020, 0x1020, 0x0820, 0x0800, 0x1820, 0x2020, 0x2821, 0x2820,
  0x2020, 0x2821, 0x3841, 0x5041, 0x3021, 0x1820, 0x2021, 0x2021, 0x2021, 0x1821, 0x1820, 0x1820,
  0x3000, 0x5000, 0xC942, 0xE103, 0xD963, 0xC8A2, 0xC8E2, 0xC102, 0xC962, 0xA0A1, 0xA922, 0xC163,
  0xC963, 0xE2C5, 0xEA86, 0xE1A3, 0xF2C6, 0xF387, 0xBA04, 0x88A2, 0x8001, 0x6001, 0x6821, 0x6821,
  0x6062, 0x4861, 0x4061, 0x3061, 0x3061, 0x3061, 0x3861, 0x4061, 0x4861, 0x7103, 0x7122, 0x48A1,
  0x0800, 0x0000, 0x0000, 0x0820, 0x0820, 0x20C2, 0x49E7, 0x41E6, 0x6ACA, 0x5A89, 0x3144, 0x5228,
  0x7B8C, 0x2924, 0x4A07, 0x730B, 0x5207, 0x4165, 0x5248, 0x1081, 0x0820, 0x0020, 0x0000, 0x0000,
  0x0800, 0x1822, 0x48A6, 0x3863, 0x2840, 0x2841, 0x2041, 0x2021, 0x2021, 0x2041, 0x2021, 0x2841,
  0x1821, 0x1821, 0x1821, 0x2021, 0x1821, 0x1020, 0x1021, 0x1821, 0x1821, 0x2841, 0x2841, 0x2841,
  0x2041, 0x1821, 0x1821, 0x1021, 0x1021, 0x1021, 0x1021, 0x1821, 0x0801, 0x1021, 0x1821, 0x1821,
  0x1821, 0x1021, 0x1021, 0x1021, 0x0821, 0x1021, 0x1021, 0x1021, 0x1021, 0x1821, 0x1821, 0x1821,
  0x1021, 0x0820, 0x0820, 0x0800, 0x1820, 0x2020, 0x2020, 0x2820, 0x3021, 0x3021, 0x3821, 0x4041,
  0x2821, 0x1821, 0x1821, 0x2021, 0x2020, 0x2021, 0x2020, 0x2020, 0x2821, 0x3000, 0x9163, 0xE963,
  0xD0E2, 0xD0C2, 0xC0C2, 0xC0E2, 0xC163, 0xA0A2, 0x8881, 0xB0C2, 0xC9C4, 0xDA04, 0xF245, 0xFBC7,
  0xDAC5, 0x8882, 0x8001, 0x7821, 0x5041, 0x4861, 0x5061, 0x6082, 0x6082, 0x4861, 0x4861, 0x4861,
  0x3861, 0x3861, 0x3861, 0x4061, 0x5882, 0x5882, 0x6082, 0x78C2, 0x48A1, 0x0820, 0x1000, 0x0000,
  0x1000, 0x3144, 0x4A07, 0x5A89, 0x5227, 0x5A67, 0x83AC, 0x5228, 0x18A2, 0x7B8C, 0x7B6C, 0x5227,
  0x5248, 0x6AEA, 0x62A9, 0x20E3, 0x0820, 0x0000, 0x0800, 0x0000, 0x2842, 0x5083, 0x3040, 0x3861,
  0x4062, 0x2840, 0x2841, 0x2041, 0x2841, 0x2841, 0x2041, 0x2841, 0x1821, 0x1821, 0x2041, 0x1821,
  0x1021, 0x1821, 0x1821, 0x1821, 0x2841, 0x2841, 0x2841, 0x3041, 0x2841, 0x1021, 0x1021, 0x1821,
  0x1821, 0x1821, 0x1821, 0x1021, 0x60E2, 0x3881, 0x1021, 0x1841, 0x1821, 0x1021, 0x1821, 0x1021,
  0x1021, 0x1021, 0x1821, 0x1821, 0x1821, 0x1821, 0x1821, 0x1021, 0x0821, 0x0820, 0x0820, 0x0820,
  0x1820, 0x1820, 0x2020, 0x2821, 0x3041, 0x3021, 0x3821, 0x3021, 0x2821, 0x2021, 0x1821, 0x2021,
  0x2821, 0x2020, 0x2820, 0x3021, 0x2820, 0x3000, 0x68E2, 0xEA44, 0xD922, 0xD102, 0xD163, 0x9061,
  0xC142, 0xA0E2, 0x9061, 0xB102, 0xC9E4, 0xEA43, 0xFC26, 0xC285, 0x7800, 0x5801, 0x7041, 0x7021,
  0x3041, 0x4041, 0x4041, 0x4061, 0x5061, 0x4861, 0x5882, 0x6082, 0x4861, 0x4061, 0x4081, 0x50A2,
  0x58A2, 0x5882, 0x9122, 0x80C2, 0x58C1, 0x3060, 0x0800, 0x0800, 0x2081, 0x5248, 0x49E7, 0x5A68,
  0x7B8C, 0x6AEA, 0x5A88, 0x62CA, 0x5268, 0x732B, 0x6288, 0x6AEA, 0x736C, 0x732B, 0x62CA, 0x4A07,
  0x1041, 0x0820, 0x0800, 0x2042, 0x1021, 0x2020, 0x5084, 0x68C8, 0x4062, 0x4863, 0x3041, 0x2841,
  0x3041, 0x3041, 0x2841, 0x2841, 0x2841, 0x2841, 0x2041, 0x1821, 0x1821, 0x1821, 0x1821, 0x2021,
  0x2841, 0x2841, 0x3083, 0x3042, 0x3041, 0x2021, 0x1821, 0x1821, 0x1821, 0x1821, 0x1821, 0x1821,
  0x8123, 0x3061, 0x1821, 0x1821, 0x1821, 0x2021, 0x1821, 0x1021, 0x1821, 0x1821, 0x1821, 0x1821,
  0x1821, 0x1821, 0x1821, 0x1021, 0x1020, 0x0820, 0x0820, 0x0800, 0x1820, 0x1820, 0x2020, 0x2821,
  0x3041, 0x3021, 0x4041, 0x4041, 0x3021, 0x3021, 0x3021, 0x3021, 0x3841, 0x2821, 0x2821, 0x3021,
  0x3020, 0x2800, 0x5061, 0xE244, 0xD943, 0xB0E2, 0xA8C2, 0xA8C1, 0xB102, 0xC163, 0xC943, 0xC9C4,
  0xD102, 0xFB66, 0xDA65, 0xB001, 0x7841, 0x5841, 0x5821, 0x4041, 0x2841, 0x3841, 0x3041, 0x3041,
  0x4861, 0x5881, 0x6082, 0x5882, 0x5882, 0x4881, 0x4881, 0x60A2, 0x70E2, 0xA9A3, 0x9982, 0x3060,
  0x38C1, 0x50E1, 0x0000, 0x2861, 0x28A2, 0x20C2, 0x5A89, 0x6B0B, 0x734B, 0x9470, 0x6AEA, 0x62A9,
  0x5A89, 0x6ACA, 0x7B8D, 0xAD13, 0x734B, 0x62CA, 0x5248, 0x18A2, 0x38E4, 0x1041, 0x0000, 0x38C5,
  0x0821, 0x0000, 0x3044, 0x6085, 0x80C9, 0x4886, 0x3041, 0x3841, 0x3841, 0x3841, 0x3041, 0x3041,
  0x3041, 0x3041, 0x2841, 0x1821, 0x1841, 0x2041, 0x2841, 0x3041, 0x2841, 0x3840, 0x40E5, 0x40E7,
  0x2820, 0x2041, 0x2021, 0x1821, 0x1821, 0x1821, 0x1821, 0x1821, 0x1021, 0x1821, 0x2841, 0x2841,
  0x2041, 0x2841, 0x2041, 0x1821, 0x1821, 0x1821, 0x1021, 0x1021, 0x1021, 0x1021, 0x1821, 0x1821,
  0x1021, 0x0820, 0x0820, 0x0820, 0x1020, 0x1820, 0x2020, 0x2020, 0x3841, 0x3841, 0x2821, 0x4841,
  0x4821, 0x3021, 0x3821, 0x3821, 0x4041, 0x4021, 0x3021, 0x2821, 0x3821, 0x3800, 0x80C1, 0xDA03,
  0xC902, 0xA8E2, 0x9081, 0x98E2, 0xA0A1, 0xC942, 0xDA04, 0xC902, 0xF204, 0xF346, 0xA021, 0x7041,
  0x9062, 0x8041, 0x4041, 0x3041, 0x3041, 0x3041, 0x3041, 0x3861, 0x4061, 0x6082, 0x6082, 0x6082,
  0x60A2, 0x60A2, 0x68A2, 0x60A2, 0xA1A3, 0xA1A3, 0x2840, 0x0000, 0x4901, 0x7922, 0x2000, 0x2040,
  0x1040, 0x1040, 0x1020, 0x49E7, 0x83CE, 0x83EE, 0x8C0F, 0x62A9, 0x62C9, 0x6B0B, 0x9CB1, 0x9470,
  0x732B, 0x3124, 0x1061, 0x0820, 0x1861, 0x1041, 0x1041, 0x4106, 0x0821, 0x0000, 0x0000, 0x2021,
  0x5086, 0x78A8, 0x6087, 0x3041, 0x3840, 0x3841, 0x3841, 0x3041, 0x3841, 0x3041, 0x2841, 0x1821,
  0x2041, 0x3041, 0x3841, 0x3041, 0x2841, 0x4862, 0x2882, 0x594C, 0x3041, 0x2041, 0x1821, 0x1821,
  0x1821, 0x1821, 0x1821, 0x1821, 0x1821, 0x1841, 0x2841, 0x3041, 0x2841, 0x2841, 0x2841, 0x1841,
  0x1821, 0x1021, 0x1021, 0x1021, 0x1021, 0x1021, 0x1821, 0x1821, 0x1020, 0x0820, 0x0820, 0x0820,
  0x1820, 0x1820, 0x2020, 0x2021, 0x3841, 0x4041, 0x3041, 0x3021, 0x5041, 0x5841, 0x4841, 0x3821,
  0x4021, 0x5841, 0x4021, 0x4021, 0x3820, 0x4000, 0xB102, 0xE223, 0xA8E2, 0x9881, 0x88A1, 0xA902,
  0xB922, 0xC123, 0xE265, 0xEA04, 0xF3E7, 0xC123, 0x8001, 0x4841, 0x7041, 0x5841, 0x3841, 0x2841,
  0x2841, 0x2841, 0x3041, 0x3861, 0x4861, 0x5861, 0x70A2, 0x78C2, 0x70C2, 0x70C2, 0x78A2, 0xCA24,
  0x9183, 0x1820, 0x1020, 0x0000, 0x40C1, 0x3060, 0x1000, 0x2881, 0x10E1, 0x0000, 0x3242, 0x3202,
  0x4A06, 0x730B, 0x8C2F, 0x6B2B, 0x5268, 0x840E, 0x9C90, 0x62A9, 0x29A3, 0x42A3, 0x1941, 0x0000,
  0x2102, 0x1862, 0x1060, 0x38E5, 0x1022, 0x0000, 0x0800, 0x0000, 0x0820, 0x50A6, 0x910B, 0x68A7,
  0x5864, 0x5063, 0x3841, 0x3841, 0x3841, 0x2841, 0x2041, 0x2841, 0x3841, 0x3841, 0x3041, 0x4061,
  0x4861, 0x58A3, 0x0820, 0x514B, 0x50C6, 0x2820, 0x2041, 0x2841, 0x2041, 0x1821, 0x1821, 0x1821,
  0x1841, 0x2041, 0x2841, 0x3841, 0x3041, 0x2841, 0x2041, 0x1021, 0x1021, 0x1021, 0x1021, 0x1021,
  0x0821, 0x1021, 0x1021, 0x1821, 0x1020, 0x1020, 0x0820, 0x0820, 0x1820, 0x1820, 0x2021, 0x3041,
  0x3841, 0x3841, 0x4041, 0x4041, 0x4021, 0x5041, 0x6000, 0x6001, 0x5841, 0x4821, 0x4821, 0x5021,
  0x5821, 0x4000, 0x80E2, 0xD943, 0xB0E2, 0xB0A2, 0xD1C3, 0xC982, 0xC902, 0xC183, 0xC122, 0xFA65,
  0xE306, 0xA001, 0x7841, 0x7841, 0x6841, 0x3841, 0x5061, 0x3841, 0x3041, 0x3041, 0x3041, 0x3861,
  0x4061, 0x5061, 0x70A2, 0x78C2, 0x78C2, 0x9143, 0xCAA5, 0xA1E3, 0x1000, 0x0000, 0x0800, 0x0000,
  0x1020, 0x2840, 0x3881, 0x28C2, 0x39E4, 0x0840, 0x42C3, 0xD752, 0x5B66, 0x28E2, 0x5A48, 0x3144,
  0x39A6, 0x49E7, 0x5227, 0x2180, 0xA5AF, 0xAE4E, 0x10E0, 0x1902, 0x39E5, 0x30C4, 0x28A3, 0x1862,
  0x0000, 0x0000, 0x0000, 0x0000, 0x0800, 0x2862, 0x38A4, 0x994E, 0x80EA, 0x4843, 0x4843, 0x3861,
  0x3041, 0x2841, 0x3041, 0x3861, 0x3041, 0x2841, 0x3041, 0x5862, 0x7062, 0x5082, 0x0040, 0x3908,
  0x696C, 0x2820, 0x2841, 0x1821, 0x1821, 0x1821, 0x2021, 0x2041, 0x2041, 0x2021, 0x3041, 0x3841,
  0x3041, 0x2041, 0x1821, 0x1021, 0x1021, 0x1021, 0x1021, 0x0821, 0x0821, 0x1021, 0x1020, 0x1020,
  0x1821, 0x1021, 0x1020, 0x1020, 0x1820, 0x2020, 0x2021, 0x3021, 0x3841, 0x3841, 0x4041, 0x4841,
  0x5021, 0x6061, 0xB2A5, 0xA102, 0x7000, 0x7001, 0x5021, 0x4821, 0x7021, 0x6021, 0xC983, 0xC902,
  0xB8E2, 0x9881, 0x9902, 0xC982, 0xC902, 0xE204, 0xE9A3, 0xFB66, 0xA163, 0x7801, 0x5841, 0x7062,
  0x6861, 0x4061, 0x5061, 0x3041, 0x3041, 0x3861, 0x3861, 0x3861, 0x4061, 0x5881, 0x70A2, 0x90E2,
  0x90C2, 0xB9E4, 0xAA03, 0x2840, 0x0820, 0x0000, 0x0800, 0x0000, 0x0000, 0x1000, 0x2860, 0x28C2,
  0x4A27, 0x4265, 0x1940, 0x2A02, 0x1121, 0x0000, 0x1040, 0x41E6, 0x83AD, 0x20E3, 0x0000, 0x0020,
  0x29E2, 0x1961, 0x1961, 0x6348, 0x5247, 0x28C4, 0x1042, 0x0000, 0x0000, 0x0000, 0x0000, 0x0000,
  0x0000, 0x0800, 0x1041, 0x48A5, 0x60C8, 0x90EA, 0x5062, 0x4060, 0x3841, 0x2841, 0x3041, 0x3041,
  0x2821, 0x3021, 0x5041, 0x6062, 0x7062, 0x1861, 0x1041, 0x2083, 0x71AE, 0x3041, 0x2021, 0x2021,
  0x1821, 0x1821, 0x1821, 0x1841, 0x2041, 0x2041, 0x3841, 0x3841, 0x3041, 0x2021, 0x1021, 0x1021,
  0x1021, 0x1021, 0x1021, 0x1021, 0x1021, 0x1021, 0x1021, 0x1821, 0x1821, 0x1821, 0x1020, 0x1020,
  0x1820, 0x2020, 0x2820, 0x3820, 0x3821, 0x3821, 0x4041, 0x4821, 0x6021, 0x7061, 0xDB05, 0xF2E5,
  0xCA65, 0xB0E2, 0x8021, 0x5800, 0x88E2, 0xEC87, 0xF264, 0xC902, 0xA0A2, 0x7861, 0x90A1, 0xC8E2,
  0xC0E2, 0xE1E4, 0xF264, 0xF427, 0x98A2, 0x6041, 0x5861, 0x6081, 0x5081, 0x4061, 0x4861, 0x3841,
  0x3041, 0x3861, 0x3861, 0x4881, 0x4861, 0x68A2, 0x8902, 0xA963, 0xE2E5, 0xAA24, 0x4881, 0x1000,
  0x0800, 0x0800, 0x0000, 0x0000, 0x0000, 0x0000, 0x1020, 0x2041, 0x49E6, 0x732A, 0x6349, 0x5B27,
  0x52E7, 0x31C4, 0x2103, 0x7B6C, 0x9C90, 0x5A68, 0x2103, 0x5AA8, 0x5B48, 0x5B27, 0x8C4D, 0x736B,
  0x28E3, 0x1001, 0x0000, 0x0000, 0x0000, 0x0000, 0x0000, 0x0000, 0x0000, 0x0000, 0x1841, 0x40C6,
  0x1042, 0x50A6, 0x990B, 0x5863, 0x4040, 0x3841, 0x3861, 0x3841, 0x3041, 0x5061, 0x5862, 0x80A3,
  0x4062, 0x0841, 0x1041, 0x1041, 0x69CE, 0x48A5, 0x2020, 0x3041, 0x2841, 0x1821, 0x1821, 0x2841,
  0x2841, 0x2841, 0x3041, 0x3041, 0x3041, 0x1821, 0x1021, 0x1021, 0x1021, 0x1021, 0x1021, 0x1021,
  0x1021, 0x1021, 0x1021, 0x1821, 0x1821, 0x1821, 0x1020, 0x1020, 0x2020, 0x2020, 0x3020, 0x4020,
  0x5041, 0x4841, 0x3821, 0x4821, 0x6021, 0x7861, 0xC9E3, 0xF245, 0xF245, 0xEAA5, 0xC9E3, 0x8801,
  0x8081, 0xEB25, 0xEA44, 0xC943, 0xB0E2, 0x7861, 0xA942, 0xC102, 0x9881, 0xB902, 0xF264, 0xEB66,
  0x9841, 0x7061, 0x7861, 0x5881, 0x5881, 0x4861, 0x5882, 0x5081, 0x4061, 0x3841, 0x4861, 0x5881,
  0x5061, 0x70A2, 0x9102, 0xC204, 0x89A3, 0x3860, 0x1000, 0x0000, 0x0800, 0x0000, 0x0000, 0x0000,
  0x0000, 0x0800, 0x1000, 0x1820, 0x2881, 0x28E2, 0x3985, 0x41A6, 0x4A06, 0x41E6, 0x3123, 0x734C,
  0xAD12, 0x41C6, 0x41C6, 0x5A88, 0x6B09, 0x41E6, 0x4185, 0x20A2, 0x1841, 0x0820, 0x0820, 0x0000,
  0x0000, 0x0000, 0x0000, 0x0000, 0x0000, 0x0820, 0x0820, 0x2063, 0x2864, 0x0800, 0x4086, 0xA14D,
  0x80C8, 0x68A4, 0x5062, 0x4861, 0x5862, 0x6062, 0x88A3, 0x4082, 0x0842, 0x1041, 0x1062, 0x1041,
  0x6A0F, 0x5929, 0x2820, 0x2041, 0x1821, 0x1821, 0x3041, 0x3041, 0x1841, 0x2041, 0x3061, 0x2841,
  0x2841, 0x2841, 0x1021, 0x1021, 0x1021, 0x1021, 0x1021, 0x1021, 0x1021, 0x1021, 0x1021, 0x1821,
  0x1821, 0x1821, 0x1020, 0x0820, 0x2020, 0x2820, 0x3820, 0x5000, 0xB2E6, 0x6861, 0x4021, 0x4821,
  0x5821, 0x7861, 0xC9E3, 0xE264, 0xF3C6, 0xE9A3, 0xEAC5, 0xB061, 0x90A2, 0xD204, 0xD922, 0xB8A1,
  0x98A2, 0xB8E2, 0xC183, 0xB0A2, 0xB902, 0xD9A3, 0xFAC5, 0xDAE6, 0xA821, 0x7861, 0x5861, 0x4861,
  0x5881, 0x5061, 0x5881, 0x70A2, 0x5881, 0x4861, 0x5061, 0x68A2, 0x70A2, 0x9102, 0xEAC5, 0xAA24,
  0x3040, 0x2840, 0x0800, 0x0820, 0x0820, 0x0000, 0x0000, 0x0000, 0x0000, 0x0000, 0x1820, 0x0820,
  0x2040, 0x2040, 0x2061, 0x1861, 0x3965, 0x49E6, 0x3144, 0x2903, 0x4A28, 0x18A2, 0x5248, 0x5207,
  0x20E3, 0x20A2, 0x2061, 0x2040, 0x0820, 0x0840, 0x1020, 0x0000, 0x0000, 0x0000, 0x0000, 0x0000,
  0x0820, 0x0820, 0x0820, 0x1022, 0x2884, 0x0820, 0x0000, 0x3084, 0x892D, 0xA14E, 0x6083, 0x70A3,
  0x7082, 0x8083, 0x40A2, 0x0041, 0x0821, 0x1042, 0x1041, 0x0820, 0x598C, 0x696C, 0x3020, 0x2841,
  0x2841, 0x3861, 0x3861, 0x1821, 0x2041, 0x3061, 0x2841, 0x2041, 0x1841, 0x2041, 0x1821, 0x1021,
  0x1021, 0x1021, 0x1021, 0x1021, 0x1021, 0x1021, 0x1821, 0x1821, 0x1821, 0x1021, 0x1020, 0x0820,
  0x2020, 0x3020, 0x4800, 0x6861, 0xED0A, 0x8902, 0x5800, 0x5041, 0x6021, 0x7041, 0xCA24, 0xD122,
  0xEBA6, 0xF2A4, 0xE183, 0xDA64, 0xE346, 0xF285, 0xC8C2, 0xA881, 0x8861, 0xC183, 0xB881, 0xC0A2,
  0xC922, 0xD142, 0xF264, 0xE2C6, 0xA001, 0x7061, 0x6041, 0x4861, 0x5061, 0x6882, 0x5061, 0x70A2,
  0x88C2, 0x70A2, 0x78A2, 0x78A2, 0x88C2, 0xB9E4, 0x7122, 0x1000, 0x2020, 0x1820, 0x0820, 0x0820,
  0x0800, 0x0000, 0x0000, 0x0000, 0x0000, 0x0800, 0x1820, 0x1020, 0x0000, 0x0000, 0x1020, 0x30C2,
  0x3965, 0x49C6, 0x49E6, 0x1081, 0x18C2, 0x20E3, 0x5A68, 0x3965, 0x20C2, 0x20A2, 0x0000, 0x0000,
  0x0840, 0x1082, 0x1041, 0x0000, 0x0000, 0x0000, 0x0000, 0x0000, 0x0820, 0x0820, 0x0820, 0x1842,
  0x2043, 0x0000, 0x0800, 0x1001, 0x2042, 0x70EA, 0x98EA, 0x7082, 0x7882, 0x48A3, 0x0861, 0x0820,
  0x1041, 0x1842, 0x1041, 0x1040, 0x3907, 0x718D, 0x4062, 0x3861, 0x4061, 0x3861, 0x2041, 0x1821,
  0x3861, 0x2841, 0x2041, 0x2041, 0x2041, 0x2841, 0x1821, 0x1021, 0x1021, 0x1021, 0x1021, 0x1021,
  0x1841, 0x1821, 0x1821, 0x2041, 0x1821, 0x0821, 0x0820, 0x0820, 0x2820, 0x3021, 0x5000, 0x9143,
  0xFCEA, 0xB2A5, 0x6000, 0x5041, 0x5841, 0x7821, 0xDB46, 0xD942, 0xC9E3, 0xEAE5, 0xE163, 0xE1A3,
  0xEA64, 0xD943, 0xD0A2, 0xB0A2, 0xA061, 0xB902, 0xB9C3, 0xB882, 0xB8E2, 0xD163, 0xF244, 0xEB06,
  0x8801, 0x6841, 0x7861, 0x5861, 0x4861, 0x6882, 0x6882, 0x70A2, 0x90E2, 0x90E3, 0x90E2, 0x88C2,
  0xB1E3, 0xC264, 0x3040, 0x1020, 0x2020, 0x0800, 0x1020, 0x1040, 0x0820, 0x0000, 0x0000, 0x0000,
  0x0000, 0x1000, 0x1800, 0x2082, 0x0841, 0x0000, 0x0000, 0x2082, 0x3124, 0x2903, 0x5A48, 0x39C6,
  0x20E3, 0x62A9, 0x49E6, 0x3985, 0x2903, 0x0800, 0x0000, 0x0000, 0x20E3, 0x1082, 0x0840, 0x0820,
  0x0000, 0x0000, 0x0000, 0x0820, 0x0841, 0x1061, 0x1041, 0x0821, 0x1822, 0x0800, 0x0000, 0x0800,
  0x0000, 0x1001, 0x80CC, 0x98C7, 0x58A2, 0x20E3, 0x0821, 0x0821, 0x0841, 0x1041, 0x1862, 0x0820,
  0x30E6, 0x71EF, 0x48A4, 0x3840, 0x3841, 0x2841, 0x1821, 0x4061, 0x3041, 0x1821, 0x2841, 0x2041,
  0x2041, 0x2041, 0x1841, 0x1821, 0x1821, 0x1021, 0x1821, 0x1841, 0x2041, 0x2041, 0x2041, 0x2041,
  0x1021, 0x0821, 0x0821, 0x0820, 0x2820, 0x3841, 0x5000, 0xBA44, 0xFB46, 0xDBE7, 0x7821, 0x6021,
  0x5821, 0x6821, 0xA0A2, 0xDA44, 0xD1C3, 0xF346, 0xE203, 0xD982, 0xC8C1, 0xEA24, 0xC881, 0xD102,
  0xD142, 0xA881, 0xD204, 0xC102, 0xB8C2, 0xD9A4, 0xF244, 0xF3A7, 0xA041, 0x8841, 0x8061, 0x6882,
  0x5861, 0x5861, 0x80A2, 0x80A2, 0x90C2, 0xA0E3, 0xA903, 0xA943, 0xEB05, 0x6101, 0x1000, 0x1820,
  0x0800, 0x0800, 0x1041, 0x1861, 0x0820, 0x0000, 0x0000, 0x0000, 0x0000, 0x0800, 0x2000, 0x1861,
  0x18C2, 0x0841, 0x0820, 0x0820, 0x30C2, 0x3124, 0x49A5, 0x5248, 0x4A28, 0x6289, 0x39A5, 0x41A6,
  0x1882, 0x0820, 0x0820, 0x18A2, 0x2904, 0x1061, 0x0820, 0x0000, 0x0000, 0x0000, 0x0000, 0x0820,
  0x18A2, 0x20C3, 0x1882, 0x0841, 0x1021, 0x0821, 0x0000, 0x0800, 0x0800, 0x0000, 0x3045, 0xA190,
  0x4984, 0x1082, 0x0821, 0x1041, 0x0821, 0x1041, 0x1862, 0x1021, 0x2084, 0x494B, 0x6109, 0x4040,
  0x3841, 0x3041, 0x4861, 0x4861, 0x3041, 0x1821, 0x2841, 0x2041, 0x2041, 0x2041, 0x1821, 0x1821,
  0x1821, 0x1821, 0x2041, 0x2841, 0x2841, 0x2841, 0x2841, 0x1821, 0x1021, 0x0821, 0x0821, 0x0820,
  0x2820, 0x3820, 0x6041, 0xD2A5, 0xE183, 0xF346, 0xBA65, 0x7800, 0x7021, 0x7021, 0x8800, 0xC163,
  0xD183, 0xE1C3, 0xF325, 0xE9E4, 0xEA24, 0xDA24, 0xD1C3, 0xC8A2, 0xD1A3, 0xC983, 0x9800, 0xC163,
  0xC8E2, 0xE1A4, 0xF225, 0xF448, 0xB8C2, 0xA041, 0x9082, 0x90A2, 0x7882, 0x6061, 0x6061, 0x90C2,
  0xA903, 0xA102, 0xA983, 0xC284, 0x7162, 0x3860, 0x1020, 0x0000, 0x0800, 0x0820, 0x1881, 0x1881,
  0x0841, 0x0000, 0x0000, 0x0000, 0x0000, 0x0800, 0x1020, 0x1020, 0x28E3, 0x3144, 0x0000, 0x0840,
  0x1840, 0x3124, 0x4185, 0x5227, 0x5A89, 0x5227, 0x3985, 0x3144, 0x0820, 0x0000, 0x1061, 0x39A6,
  0x1882, 0x18A2, 0x1041, 0x0000, 0x0000, 0x0000, 0x0000, 0x1061, 0x2903, 0x20C3, 0x1061, 0x0841,
  0x0820, 0x0000, 0x0000, 0x0000, 0x0000, 0x0000, 0x0000, 0x5125, 0x49E7, 0x0841, 0x1041, 0x0821,
  0x1041, 0x0821, 0x0800, 0x1822, 0x2044, 0x40E9, 0x696C, 0x4020, 0x5082, 0x5061, 0x3841, 0x3041,
  0x3841, 0x2841, 0x2041, 0x2041, 0x1841, 0x2041, 0x2021, 0x1821, 0x1841, 0x2041, 0x2841, 0x3041,
  0x2841, 0x2841, 0x2041, 0x1021, 0x1021, 0x1021, 0x0821, 0x0820, 0x3020, 0x4000, 0x70C2, 0xDA04,
  0xB902, 0xEA85, 0xF2A5, 0xC1E4, 0x9041, 0x98C2, 0xC1A3, 0xD183, 0xC102, 0xE942, 0xEAA5, 0xFC28,
  0xF9E3, 0xD0E2, 0xD9E3, 0xE102, 0xB861, 0xC143, 0xB8E2, 0xB0C2, 0xD163, 0xE1E4, 0xF224, 0xFC48,
  0xD1A4, 0xA821, 0xA082, 0xA8A2, 0x90C2, 0x90C2, 0x88C2, 0xA103, 0xB103, 0xB923, 0xCA04, 0xAA24,
  0x2020, 0x3881, 0x0800, 0x0800, 0x1020, 0x0820, 0x1861, 0x28C2, 0x1061, 0x0000, 0x0000, 0x0000,
  0x0000, 0x0000, 0x0820, 0x1841, 0x2881, 0x1061, 0x0841, 0x0861, 0x1861, 0x28A2, 0x3944, 0x5207,
  0x49E6, 0x49E6, 0x3965, 0x18A2, 0x1061, 0x1081, 0x0841, 0x18A2, 0x20C3, 0x18A2, 0x0000, 0x0000,
  0x0000, 0x0000, 0x0820, 0x20C2, 0x3144, 0x20C3, 0x1882, 0x0841, 0x0000, 0x0000, 0x0800, 0x0000,
  0x0000, 0x0000, 0x0020, 0x82A9, 0x3944, 0x0000, 0x1041, 0x1041, 0x0821, 0x0800, 0x1000, 0x1000,
  0x1001, 0x38C5, 0x71EF, 0x714B, 0x5060, 0x3840, 0x4061, 0x4861, 0x3041, 0x2841, 0x2841, 0x2041,
  0x1841, 0x1841, 0x2041, 0x2041, 0x2041, 0x2841, 0x3061, 0x3041, 0x3041, 0x3041, 0x1821, 0x1021,
  0x1021, 0x1021, 0x0821, 0x0820, 0x3020, 0x4000, 0x9143, 0xE1E3, 0xB8C2, 0xC183, 0xE963, 0xEA44,
  0xDA64, 0xD9E4, 0xEAC5, 0xD1A3, 0xB922, 0xCA04, 0xE204, 0xB2E6, 0xCA04, 0xEA24, 0xE9C4, 0xE163,
  0xE0A2, 0xD0C2, 0xD1A3, 0xC963, 0xD163, 0xD102, 0xE1C4, 0xFB26, 0xEB27, 0xC801, 0xB082, 0x98A2,
  0x90C2, 0x98E2, 0xA0E2, 0xC984, 0xBA44, 0x9142, 0xD204, 0x6922, 0x2840, 0x4840, 0x0800, 0x0800,
  0x1000, 0x0820, 0x20A2, 0x3924, 0x28C2, 0x0020, 0x0000, 0x0800, 0x0000, 0x0000, 0x0000, 0x1840,
  0x1881, 0x2903, 0x0000, 0x1881, 0x0840, 0x28A2, 0x3123, 0x4185, 0x49E7, 0x3985, 0x3124, 0x1061,
  0x20E3, 0x1081, 0x1061, 0x2904, 0x18A2, 0x0841, 0x0000, 0x0000, 0x0000, 0x0020, 0x1082, 0x41C6,
  0x4A27, 0x20E3, 0x0820, 0x0020, 0x0000, 0x0000, 0x0000, 0x0000, 0x0000, 0x0000, 0x3165, 0x9CB1,
  0x1081, 0x1021, 0x1041, 0x0841, 0x1000, 0x1000, 0x1000, 0x1000, 0x1821, 0x2043, 0x28A3, 0x71ED,
  0x89F1, 0x70C5, 0x6860, 0x5882, 0x3041, 0x1821, 0x2041, 0x2841, 0x2041, 0x2041, 0x2841, 0x2841,
  0x2041, 0x3041, 0x3041, 0x3041, 0x2841, 0x2041, 0x2041, 0x1821, 0x1021, 0x1021, 0x1021, 0x0820,
  0x3841, 0x4800, 0xA9A3, 0xE983, 0xC922, 0xA861, 0xB902, 0xD9A3, 0xE122, 0xE163, 0xD183, 0xC942,
  0xB102, 0xB8E2, 0xE265, 0x70C2, 0x78C2, 0x9103, 0xA984, 0xA9C3, 0xEA03, 0xD082, 0xD082, 0xD963,
  0xDA24, 0xD963, 0xD9E4, 0xF265, 0xFC28, 0xE103, 0xB062, 0x98A2, 0x90A2, 0x98E2, 0xB9C3, 0xDB05,
  0x4101, 0x0020, 0x7182, 0x1840, 0x2000, 0x1800, 0x0000, 0x0800, 0x0800, 0x0820, 0x20C2, 0x49A5,
  0x2903, 0x0841, 0x0000, 0x0000, 0x0000, 0x0000, 0x0000, 0x0800, 0x1841, 0x2903, 0x0840, 0x1041,
  0x1061, 0x2081, 0x20C2, 0x3124, 0x3144, 0x3965, 0x20A2, 0x20C3, 0x18C2, 0x0000, 0x2924, 0x2904,
  0x1061, 0x0000, 0x0000, 0x0020, 0x0820, 0x0841, 0x3144, 0x62CA, 0x3165, 0x1041, 0x1061, 0x0820,
  0x0000, 0x0000, 0x0000, 0x0000, 0x0000, 0x0000, 0x7B4C, 0x83CE, 0x0820, 0x2061, 0x1041, 0x1820,
  0x1800, 0x2020, 0x2020, 0x2020, 0x1000, 0x1021, 0x1822, 0x3083, 0x69AC, 0x79D0, 0x816B, 0x4840,
  0x3861, 0x2841, 0x3041, 0x3041, 0x3861, 0x3040, 0x3861, 0x3041, 0x3041, 0x3041, 0x3041, 0x3041,
  0x2041, 0x1841, 0x2041, 0x1821, 0x1821, 0x1021, 0x1021, 0x0821, 0x4821, 0x5000, 0xB9E4, 0xE963,
  0xB8E2, 0xC8E2, 0xB081, 0xB0C2, 0xA0A1, 0xA881, 0xA041, 0xC8E2, 0xC0E2, 0xB8A1, 0xE123, 0x68E1,
  0x60E3, 0x5903, 0x4800, 0x5800, 0xB9A3, 0xFA85, 0xE923, 0xE143, 0xD9C3, 0xD922, 0xE1C4, 0xEA25,
  0xFB87, 0xEB07, 0xC001, 0xB0E2, 0xC1C3, 0xCA64, 0x89A3, 0x50C1, 0x0800, 0x0800, 0x1040, 0x1020,
  0x2820, 0x1000, 0x0800, 0x0000, 0x0800, 0x1020, 0x30E2, 0x4184, 0x3944, 0x20E3, 0x0000, 0x0820,
  0x0000, 0x0000, 0x0000, 0x0000, 0x1000, 0x3103, 0x0861, 0x1020, 0x1861, 0x1861, 0x28E3, 0x3965,
  0x41C6, 0x2904, 0x2924, 0x18A2, 0x1061, 0x0000, 0x2904, 0x20C2, 0x0000, 0x0000, 0x0000, 0x0841,
  0x0000, 0x18A2, 0x5A89, 0x5268, 0x1882, 0x1882, 0x1882, 0x0820, 0x0000, 0x0800, 0x0800, 0x0820,
  0x0000, 0x0000, 0x6A89, 0x3985, 0x1882, 0x2082, 0x1041, 0x2841, 0x3061, 0x3041, 0x2020, 0x2021,
  0x2021, 0x1000, 0x1000, 0x2021, 0x40A5, 0x2883, 0x71F2, 0x91F3, 0x4841, 0x4840, 0x4062, 0x3061,
  0x3040, 0x50C6, 0x5109, 0x3041, 0x3861, 0x3861, 0x3041, 0x2041, 0x1821, 0x1841, 0x1841, 0x1821,
  0x1821, 0x1021, 0x1021, 0x1020, 0x4021, 0x5841, 0xD284, 0xE983, 0xB8E2, 0xB0A1, 0xB0C2, 0xA8A2,
  0x9041, 0xC0C1, 0xB962, 0xD1A3, 0xD122, 0xB922, 0xD8E2, 0x70C1, 0x2820, 0x38E3, 0x40E3, 0x6861,
  0x9041, 0xB224, 0xDA04, 0xEA25, 0xD8C2, 0xE224, 0xEA44, 0xE1C4, 0xF2A5, 0xF488, 0xD9E4, 0xDA04,
  0x9182, 0x4060, 0x2000, 0x1800, 0x1020, 0x0000, 0x1000, 0x1000, 0x2000, 0x0800, 0x0800, 0x0000,
  0x0800, 0x1020, 0x2881, 0x51A5, 0x62A8, 0x28E3, 0x0000, 0x0820, 0x0820, 0x0000, 0x0000, 0x0000,
  0x0000, 0x30E3, 0x18C2, 0x0000, 0x1840, 0x2082, 0x28E3, 0x4185, 0x5228, 0x3144, 0x3124, 0x20C3,
  0x0020, 0x0000, 0x3144, 0x0820, 0x0000, 0x0000, 0x0841, 0x0841, 0x0841, 0x3124, 0x6B0A, 0x5A68,
  0x2904, 0x1041, 0x0841, 0x0000, 0x1020, 0x0820, 0x0820, 0x0820, 0x0000, 0x1061, 0x49E7, 0x20C3,
  0x20C2, 0x20A2, 0x2041, 0x2021, 0x4082, 0x3061, 0x2841, 0x2021, 0x2821, 0x2021, 0x1820, 0x1820,
  0x1821, 0x2864, 0x40C5, 0x8232, 0x9A56, 0x58A4, 0x4040, 0x4041, 0x690A, 0x594C, 0x3084, 0x3841,
  0x3861, 0x3861, 0x3041, 0x2041, 0x2041, 0x1841, 0x1841, 0x1841, 0x1821, 0x1821, 0x1021, 0x1020,
  0x4000, 0x6881, 0xEB05, 0xD122, 0xB0C2, 0x9861, 0xB0A1, 0x9881, 0x9061, 0xB0E2, 0xB0E2, 0xB0C2,
  0xC8E2, 0xC983, 0xE204, 0x6881, 0x2000, 0x2882, 0x51A6, 0x50C2, 0x88C2, 0x6800, 0x9061, 0xE9C5,
  0xE1E4, 0xD922, 0xE1A3, 0xD9A3, 0xE9E4, 0xFBE7, 0xEC6A, 0x7800, 0x3000, 0x1000, 0x1000, 0x0800,
  0x0800, 0x0000, 0x0800, 0x0800, 0x1000, 0x0800, 0x0800, 0x0800, 0x1000, 0x0820, 0x2061, 0x4984,
  0x7B4A, 0x41C6, 0x0861, 0x0000, 0x1882, 0x0000, 0x0000, 0x0000, 0x0000, 0x0820, 0x1061, 0x0000,
  0x0800, 0x2861, 0x3124, 0x49C6, 0x3965, 0x49E6, 0x20C3, 0x1882, 0x0000, 0x0020, 0x0861, 0x0000,
  0x0000, 0x0841, 0x18A2, 0x0000, 0x20E3, 0x5A48, 0x8BAD, 0x4A07, 0x1882, 0x0820, 0x0020, 0x0820,
  0x1841, 0x1020, 0x0820, 0x0800, 0x0000, 0x2903, 0x5228, 0x20A2, 0x28E3, 0x20C3, 0x3061, 0x4082,
  0x3061, 0x2841, 0x3861, 0x3041, 0x2841, 0x2841, 0x2041, 0x2041, 0x1820, 0x2021, 0x2021, 0x3083,
  0x79F1, 0x9236, 0x60C8, 0x714D, 0x518B, 0x1042, 0x4063, 0x3861, 0x3861, 0x3061, 0x2041, 0x2841,
  0x2841, 0x2041, 0x1821, 0x1821, 0x1821, 0x1821, 0x1021, 0x1021, 0x5000, 0x80E2, 0xF285, 0xD122,
  0xB0A2, 0xB0A2, 0xB8C2, 0xB0E2, 0xA8C1, 0xB922, 0xA0A2, 0xC102, 0xB8A1, 0xC861, 0xD983, 0x78C1,
  0x4000, 0x3061, 0x68E2, 0x9103, 0x6903, 0x9143, 0x90A2, 0xA041, 0xC943, 0xE1E4, 0xEA24, 0xE163,
  0xD1A4, 0xF225, 0xFD4A, 0x9A45, 0x4000, 0x2020, 0x1800, 0x1820, 0x0800, 0x0000, 0x0000, 0x1000,
  0x1000, 0x1000, 0x1000, 0x1041, 0x0800, 0x1000, 0x2081, 0x3964, 0x7B2A, 0x4985, 0x1081, 0x0000,
  0x1061, 0x18A2, 0x0000, 0x0000, 0x0000, 0x0000, 0x0000, 0x0000, 0x0000, 0x1820, 0x4104, 0x1061,
  0x0000, 0x3124, 0x1882, 0x0000, 0x0000, 0x0000, 0x0000, 0x0000, 0x1882, 0x18A2, 0x0020, 0x0000,
  0x2903, 0x5A47, 0x732B, 0x28E3, 0x1061, 0x0820, 0x0841, 0x18A2, 0x1041, 0x1041, 0x1020, 0x0000,
  0x0000, 0x3124, 0x3144, 0x2082, 0x2903, 0x3924, 0x50E3, 0x3882, 0x48C3, 0x50C3, 0x3861, 0x4082,
  0x3861, 0x3041, 0x2861, 0x2021, 0x2841, 0x1820, 0x1800, 0x2021, 0x3884, 0x38E8, 0x514A, 0x41A7,
  0x0060, 0x3044, 0x4062, 0x3861, 0x3861, 0x2841, 0x2841, 0x2841, 0x2041, 0x1821, 0x1821, 0x1821,
  0x1821, 0x1821, 0x1021, 0x1021, 0x5000, 0x9122, 0xE9E4, 0xD922, 0xB8A2, 0xA861, 0xC143, 0xB142,
  0xA0A1, 0x9081, 0xB102, 0xB0C2, 0xB081, 0xD1C4, 0xE1C4, 0x88E2, 0x5800, 0x4081, 0x90C2, 0xD266,
  0xC205, 0x8164, 0x70A2, 0x6881, 0x5000, 0xA9E3, 0xE163, 0xC943, 0xE1C4, 0xD9C4, 0xFAE6, 0xF54B,
  0x6902, 0x4000, 0x3020, 0x1841, 0x0820, 0x0000, 0x0000, 0x0000, 0x1000, 0x1000, 0x1020, 0x1061,
  0x0820, 0x1800, 0x2061, 0x3944, 0x5206, 0x4964, 0x0820, 0x0000, 0x0000, 0x20C2, 0x3165, 0x0000,
  0x0020, 0x0000, 0x0820, 0x0000, 0x0000, 0x0000, 0x1020, 0x0000, 0x0000, 0x0820, 0x0020, 0x0000,
  0x0020, 0x0820, 0x0000, 0x3165, 0x20E3, 0x0820, 0x0000, 0x0020, 0x3144, 0x5A88, 0x41C6, 0x3944,
  0x20A2, 0x0841, 0x1061, 0x20A2, 0x2082, 0x1861, 0x0820, 0x0000, 0x0020, 0x4165, 0x20E3, 0x2082,
  0x28C3, 0x4965, 0x50C3, 0x50C3, 0x50C3, 0x58E3, 0x4082, 0x4082, 0x3861, 0x3862, 0x3061, 0x3041,
  0x2821, 0x2841, 0x2020, 0x1800, 0x1821, 0x1861, 0x2923, 0x1061, 0x1001, 0x4883, 0x4061, 0x3861,
  0x3861, 0x2841, 0x2841, 0x2841, 0x1841, 0x1841, 0x1821, 0x1821, 0x1821, 0x1021, 0x1821, 0x1821,
  0x5000, 0x9963, 0xE9E4, 0xC8E2, 0xC0C2, 0xA081, 0x98A1, 0xB102, 0xA0E2, 0x9061, 0xB8E2, 0xB8A1,
  0xB881, 0xC902, 0xE163, 0xE224, 0xB122, 0x5881, 0x7081, 0xA9E5, 0xCAC7, 0xA163, 0x48A2, 0x88A2,
  0x6040, 0x38C1, 0xF285, 0xD183, 0xB0A1, 0xC943, 0xE225, 0xFB25, 0xED4B, 0x8082, 0x4000, 0x3081,
  0x1020, 0x0000, 0x0000, 0x1000, 0x0000, 0x1820, 0x1041, 0x1061, 0x1041, 0x1800, 0x2841, 0x1881,
  0x5184, 0x3944, 0x0840, 0x0000, 0x0800, 0x1020, 0x20C3, 0x0840, 0x0000, 0x0000, 0x0020, 0x0820,
  0x0000, 0x0000, 0x0000, 0x0000, 0x0000, 0x0000, 0x0000, 0x0000, 0x0000, 0x0841, 0x0861, 0x20E3,
  0x0820, 0x0841, 0x0000, 0x0841, 0x3124, 0x4A07, 0x41C6, 0x20C2, 0x0820, 0x1882, 0x28A2, 0x2061,
  0x1881, 0x0840, 0x0840, 0x0020, 0x1061, 0x41A6, 0x18A2, 0x28C3, 0x28E3, 0x4965, 0x79C7, 0x7945,
  0x58C3, 0x58E3, 0x50A2, 0x40A2, 0x48C2, 0x48A2, 0x4082, 0x3861, 0x3861, 0x2820, 0x2841, 0x2041,
  0x1800, 0x30A3, 0x1861, 0x0000, 0x2843, 0x4882, 0x4061, 0x4062, 0x3861, 0x3061, 0x2841, 0x2020,
  0x1841, 0x1841, 0x1841, 0x1841, 0x1821, 0x1821, 0x1841, 0x1821, 0x5000, 0xA9A3, 0xE9E4, 0xD102,
  0xC0E2, 0x9061, 0xA0A1, 0xB0E2, 0xA102, 0xA0C2, 0xA881, 0xA881, 0xB0A2, 0xC0E2, 0xD143, 0xF204,
  0xA102, 0x5861, 0x7923, 0xA923, 0xBA06, 0xA184, 0x6943, 0x98C2, 0xA8E2, 0x3881, 0xB9A3, 0xE9A3,
  0xC142, 0xB8A1, 0xB8E2, 0xEA04, 0xFC09, 0xE54B, 0x78E2, 0x5001, 0x2081, 0x0000, 0x0000, 0x1800,
  0x2000, 0x0820, 0x1841, 0x2061, 0x2082, 0x0800, 0x1020, 0x1861, 0x5984, 0x3923, 0x1061, 0x0000,
  0x0000, 0x0820, 0x1820, 0x3924, 0x2103, 0x0020, 0x0000, 0x0000, 0x0000, 0x0000, 0x0000, 0x0000,
  0x0000, 0x0000, 0x0000, 0x0000, 0x18A2, 0x3986, 0x20E3, 0x0820, 0x0841, 0x0820, 0x0000, 0x18A2,
  0x4185, 0x49E6, 0x41A5, 0x1041, 0x1082, 0x28E3, 0x20A2, 0x2882, 0x1041, 0x1041, 0x1061, 0x0000,
  0x18A2, 0x3965, 0x2082, 0x28C3, 0x28E3, 0x40A2, 0x92CA, 0x9AEB, 0x7165, 0x7145, 0x58E3, 0x60E3,
  0x58C3, 0x50A2, 0x3882, 0x4082, 0x3041, 0x38A2, 0x3925, 0x2821, 0x2020, 0x1000, 0x0800, 0x0800,
  0x512B, 0x798F, 0x4040, 0x4882, 0x3861, 0x2840, 0x3061, 0x40E7, 0x2863, 0x1821, 0x1841, 0x1821,
  0x1821, 0x1821, 0x1821, 0x1020, 0x5800, 0xB9E4, 0xEA04, 0xC0E2, 0xB8C2, 0x90A1, 0x90A1, 0xB0E2,
  0xC102, 0xA081, 0xA0A1, 0xC123, 0xD183, 0xE142, 0xD963, 0xD943, 0xD103, 0x8041, 0x50E2, 0x78C2,
  0x80C2, 0x91C5, 0x71A5, 0x60A2, 0x7061, 0x7861, 0xC1E4, 0xD122, 0xB943, 0xB902, 0xC0E2, 0xD164,
  0xF285, 0xFBC6, 0xF54B, 0xA246, 0x3000, 0x0000, 0x0000, 0x0000, 0x2000, 0x0000, 0x2840, 0x2081,
  0x0841, 0x20C2, 0x0000, 0x2061, 0x4124, 0x3103, 0x1061, 0x0000, 0x0000, 0x1020, 0x1820, 0x1000,
  0x20E3, 0x3144, 0x18A2, 0x0020, 0x0000, 0x0000, 0x0000, 0x0000, 0x0000, 0x0020, 0x18A2, 0x39A6,
  0x3165, 0x1081, 0x18A2, 0x20C3, 0x0841, 0x0000, 0x0000, 0x1061, 0x1061, 0x3965, 0x1882, 0x1041,
  0x1882, 0x20C3, 0x2903, 0x1041, 0x0841, 0x28E3, 0x0000, 0x0820, 0x3165, 0x20E3, 0x20A2, 0x20E3,
  0x38C3, 0x48A2, 0x50C3, 0x7166, 0xAAEB, 0x8A08, 0x7924, 0x7124, 0x7124, 0x58C3, 0x48A2, 0x4882,
  0x48E3, 0x51E6, 0x20C2, 0x2800, 0x2020, 0x1820, 0x1000, 0x1821, 0x38A5, 0x9256, 0x60E8, 0x3840,
  0x4063, 0x5909, 0x69AF, 0x40E9, 0x2041, 0x2041, 0x1841, 0x1821, 0x2041, 0x2041, 0x1821, 0x1821,
  0x6800, 0xB9C3, 0xF224, 0xC142, 0xB0A2, 0xB0C2, 0xA902, 0xA0C2, 0xA881, 0xA8A2, 0xD1A3, 0xE162,
  0xF346, 0xF3A6, 0xEA65, 0xEB26, 0xEA45, 0xB8A2, 0x6060, 0x3081, 0x3881, 0x5123, 0x7247, 0x4861,
  0x70A2, 0x8882, 0xEB46, 0xFA64, 0xFA45, 0xC922, 0xCA04, 0xB8C2, 0xB902, 0xE1E4, 0xFB47, 0xFD0B,
  0xBC6A, 0x4983, 0x1020, 0x1800, 0x3020, 0x1840, 0x1041, 0x1081, 0x0820, 0x20C3, 0x20C3, 0x1041,
  0x1881, 0x1881, 0x0000, 0x0000, 0x0820, 0x0800, 0x1041, 0x1861, 0x1040, 0x2881, 0x3103, 0x2924,
  0x2924, 0x1061, 0x0861, 0x3144, 0x3165, 0x4185, 0x41A5, 0x2904, 0x20E3, 0x1881, 0x1061, 0x18A2,
  0x1041, 0x0020, 0x0000, 0x1041, 0x41A5, 0x20C3, 0x20E3, 0x41C6, 0x28E3, 0x20C2, 0x1881, 0x1881,
  0x20E3, 0x0000, 0x1041, 0x6268, 0x41E7, 0x18A2, 0x3124, 0x20E3, 0x2882, 0x48A2, 0x48C3, 0x4882,
  0x58C3, 0x71A6, 0x9A48, 0x89A6, 0x8165, 0x6904, 0x60C3, 0x48A2, 0x4124, 0x1881, 0x1000, 0x3041,
  0x2821, 0x2020, 0x1800, 0x1800, 0x2021, 0x4909, 0x81F3, 0x694C, 0x71D0, 0x51AC, 0x1063, 0x2821,
  0x2841, 0x2041, 0x2041, 0x2041, 0x2841, 0x2841, 0x2041, 0x1821, 0x7000, 0xCA04, 0xEA03, 0xE183,
  0xB8E2, 0xA8C2, 0xB0C2, 0x9861, 0xA881, 0xC983, 0xE163, 0xF346, 0xEBE7, 0xD9A4, 0xD163, 0xE285,
  0xF429, 0xC903, 0x80A1, 0x2020, 0x40C2, 0x38A2, 0x38C3, 0x6144, 0x7103, 0x7021, 0xB224, 0xCAC6,
  0xD305, 0xFAC5, 0xE9A4, 0xB943, 0xB081, 0xD0E2, 0xE246, 0xEA85, 0xFC89, 0xDD4D, 0x1861, 0x0800,
  0x3040, 0x1020, 0x1861, 0x1861, 0x1061, 0x0000, 0x18A2, 0x1041, 0x1041, 0x0000, 0x1020, 0x2020,
  0x0020, 0x0800, 0x1040, 0x1882, 0x1841, 0x1841, 0x1041, 0x2082, 0x30E3, 0x39A6, 0x5227, 0x4185,
  0x3965, 0x28E3, 0x3124, 0x2903, 0x18A2, 0x20E3, 0x1041, 0x0841, 0x0820, 0x1061, 0x18A2, 0x1061,
  0x1881, 0x1061, 0x18E3, 0x0841, 0x20E3, 0x20C3, 0x1882, 0x20E3, 0x18A2, 0x2924, 0x7B0B, 0x51E7,
  0x1882, 0x3103, 0x2903, 0x1082, 0x3061, 0x48A2, 0x48A2, 0x8124, 0x7104, 0x68E3, 0x91C6, 0x9207,
  0x81A6, 0x7924, 0x58C3, 0x48C3, 0x4082, 0x3861, 0x2021, 0x3041, 0x3041, 0x1820, 0x1820, 0x1000,
  0x1000, 0x1842, 0x28A5, 0x4188, 0x3986, 0x0020, 0x2021, 0x3862, 0x2841, 0x2841, 0x2041, 0x2841,
  0x3041, 0x2841, 0x2841, 0x2041, 0x7001, 0xCA24, 0xF224, 0xD143, 0xA881, 0x8881, 0x98C2, 0xA0A1,
  0xB902, 0xE183, 0xF385, 0xEC08, 0xC821, 0xB021, 0xA841, 0xA801, 0xB923, 0xC123, 0x88A1, 0x3040,
  0x3040, 0x1820, 0x5061, 0x71C5, 0x3903, 0x5061, 0x8841, 0x7841, 0x4020, 0xAA45, 0xEA44, 0xE123,
  0xD9C4, 0xD102, 0xD943, 0xE9C4, 0xFCAA, 0x51A4, 0x0000, 0x0000, 0x0800, 0x2081, 0x1861, 0x0820,
  0x0000, 0x1061, 0x0000, 0x0000, 0x2103, 0x1882, 0x2000, 0x40A2, 0x0820, 0x0020, 0x1061, 0x0820,
  0x1020, 0x1040, 0x1861, 0x1881, 0x1820, 0x20A2, 0x3123, 0x2904, 0x2924, 0x3144, 0x2903, 0x28E3,
  0x1061, 0x18A2, 0x18A2, 0x0841, 0x18C2, 0x2104, 0x18A2, 0x0020, 0x20E3, 0x0000, 0x0000, 0x0000,
  0x0000, 0x0820, 0x3965, 0x20C3, 0x1082, 0x732B, 0x5AAA, 0x3145, 0x49C6, 0x2924, 0x2903, 0x2124,
  0x38C3, 0x3841, 0x4882, 0x60C3, 0x58C3, 0x8145, 0x68C3, 0x4862, 0x8145, 0x8144, 0x68E3, 0x60E3,
  0x48A2, 0x3882, 0x3861, 0x2821, 0x3041, 0x2021, 0x1800, 0x1000, 0x1000, 0x1861, 0x3103, 0x20C3,
  0x0000, 0x1801, 0x3862, 0x3061, 0x3061, 0x2841, 0x2861, 0x3861, 0x3041, 0x2841, 0x2841, 0x1821,
  0x7001, 0xC204, 0xF224, 0xC902, 0xA081, 0x9881, 0xB902, 0xA081, 0xB923, 0xE9E4, 0xF4A8, 0xD923,
  0xB021, 0x8882, 0x8862, 0x7082, 0x9061, 0xA842, 0x98E2, 0x2060, 0x2000, 0x2061, 0x2081, 0x30E3,
  0x51C6, 0x2000, 0x2020, 0x78E2, 0x58A1, 0x4000, 0xB205, 0xFAC6, 0xE142, 0xE143, 0xEA25, 0xFC07,
  0xCC4B, 0x2000, 0x1040, 0x0000, 0x1820, 0x30C2, 0x0000, 0x0820, 0x0820, 0x1882, 0x0841, 0x2800,
  0x51A5, 0x20E3, 0x2000, 0x2041, 0x40C3, 0x1841, 0x0820, 0x1081, 0x1041, 0x1820, 0x1841, 0x1041,
  0x1820, 0x20A2, 0x2924, 0x3124, 0x2903, 0x2903, 0x20E3, 0x18A2, 0x20C3, 0x0841, 0x1061, 0x2903,
  0x3124, 0x18A2, 0x20E3, 0x18A2, 0x39A6, 0x1082, 0x20C3, 0x1061, 0x0841, 0x0000, 0x1082, 0x20E3,
  0x0000, 0x0800, 0x20C3, 0x2903, 0x20C3, 0x20E3, 0x3124, 0x38E3, 0x28A2, 0x40A2, 0x3861, 0x3861,
  0x3861, 0x58C3, 0x4082, 0x68E3, 0x70E3, 0x68C3, 0x70E3, 0x60C3, 0x60C3, 0x4882, 0x3841, 0x3841,
  0x2820, 0x2000, 0x2041, 0x2041, 0x2020, 0x1861, 0x0841, 0x0000, 0x1800, 0x3861, 0x4061, 0x3861,
  0x3061, 0x3041, 0x3861, 0x3061, 0x3041, 0x3041, 0x2041, 0x1821, 0x6801, 0xC204, 0xFAA4, 0xC8E2,
  0xA881, 0xA8C1, 0xA8A1, 0x9881, 0xC902, 0xF2E6, 0xEBA7, 0xC841, 0xA082, 0x9062, 0x7882, 0x6081,
  0x7882, 0x80A2, 0x90C2, 0x58C1, 0x1020, 0x2020, 0x2841, 0x20A2, 0x4144, 0x3944, 0x50A2, 0x6881,
  0x68E2, 0x4861, 0x7021, 0xCA85, 0xF204, 0xE9E4, 0xF265, 0xFD4B, 0x81A5, 0x2020, 0x0820, 0x0000,
  0x0800, 0x0820, 0x0840, 0x1041, 0x1061, 0x1882, 0x2924, 0x1800, 0x20C3, 0x28A2, 0x4861, 0x3882,
  0x3061, 0x38C3, 0x2081, 0x0820, 0x18A2, 0x20A2, 0x1041, 0x1020, 0x1820, 0x2861, 0x28E3, 0x20C2,
  0x20A2, 0x2104, 0x2104, 0x18C3, 0x18A2, 0x2104, 0x3986, 0x3985, 0x2924, 0x20C3, 0x18A3, 0x18A2,
  0x41E6, 0x3145, 0x2904, 0x28E3, 0x1882, 0x20E3, 0x0840, 0x0820, 0x0000, 0x0800, 0x28C3, 0x2903,
  0x20A2, 0x18A2, 0x1841, 0x2841, 0x3882, 0x40A2, 0x3861, 0x3841, 0x4062, 0x50A2, 0x3041, 0x58A2,
  0x50A2, 0x60C3, 0x58A2, 0x5082, 0x58A2, 0x4061, 0x3041, 0x2821, 0x28C3, 0x3985, 0x2904, 0x2041,
  0x1800, 0x0000, 0x0000, 0x0800, 0x3021, 0x4882, 0x4882, 0x3861, 0x3861, 0x4061, 0x3861, 0x3061,
  0x3061, 0x2841, 0x1821, 0x1821, 0x7000, 0xC1E4, 0xF305, 0xD0A2, 0xB081, 0x9081, 0xA081, 0xB8E2,
  0xE143, 0xFBA7, 0xE265, 0xB021, 0xA082, 0x9862, 0x7081, 0x6881, 0x6881, 0x80A2, 0x88C2, 0xA162,
  0x48C1, 0x3040, 0x1820, 0x3081, 0x1861, 0x6A89, 0x38A2, 0x3820, 0x88C2, 0x68C2, 0x4841, 0x78A2,
  0xEB47, 0xF2A5, 0xFC27, 0xD4CB, 0x4062, 0x28C3, 0x0000, 0x0820, 0x0000, 0x0000, 0x18A2, 0x1041,
  0x28E3, 0x2924, 0x3145, 0x0841, 0x0040, 0x3882, 0x3861, 0x3882, 0x48A2, 0x2041, 0x4124, 0x3882,
  0x2041, 0x1041, 0x10A2, 0x1882, 0x1000, 0x2061, 0x18A2, 0x18A2, 0x2924, 0x2104, 0x1061, 0x20E3,
  0x41C6, 0x3986, 0x2904, 0x2904, 0x28E3, 0x28C3, 0x20E3, 0x20E3, 0x1082, 0x3124, 0x3165, 0x20E3,
  0x20C2, 0x2904, 0x0000, 0x0000, 0x0000, 0x0000, 0x1840, 0x2924, 0x2903, 0x18C2, 0x3145, 0x2841,
  0x4061, 0x3861, 0x3861, 0x48A2, 0x4062, 0x2841, 0x4882, 0x4062, 0x3861, 0x4061, 0x4882, 0x58A2,
  0x4862, 0x4062, 0x4061, 0x4165, 0x5248, 0x2945, 0x1020, 0x2020, 0x1000, 0x0800, 0x0800, 0x0800,
  0x50C8, 0x5882, 0x4881, 0x4062, 0x5082, 0x5082, 0x3861, 0x3861, 0x2841, 0x2041, 0x1821, 0x1821,
  0x8001, 0xB9A3, 0xF3A6, 0xD902, 0xC0C2, 0xA0A1, 0x9861, 0xC102, 0xE163, 0xF407, 0xD9A4, 0x9821,
  0x9862, 0x8082, 0x5861, 0x6081, 0x6881, 0x6861, 0x9923, 0x9142, 0x0800, 0x7142, 0x1000, 0x1840,
  0x1861, 0x20A2, 0x6227, 0x5903, 0x7881, 0xA963, 0x38A2, 0x4821, 0xA1C4, 0xF326, 0xFCCA, 0xAB28,
  0x3862, 0x1040, 0x0000, 0x0000, 0x0000, 0x0000, 0x20A2, 0x1081, 0x20A2, 0x1861, 0x3145, 0x30A2,
  0x3041, 0x3861, 0x4082, 0x58C3, 0x50A2, 0x48A2, 0x38C2, 0x3882, 0x5924, 0x48E3, 0x2861, 0x1881,
  0x0820, 0x2061, 0x1061, 0x20E3, 0x3165, 0x3145, 0x3165, 0x39A6, 0x4A28, 0x3986, 0x3986, 0x3145,
  0x3103, 0x28A2, 0x20E3, 0x20C3, 0x1061, 0x0820, 0x1881, 0x20E3, 0x41C6, 0x1081, 0x0841, 0x1061,
  0x1061, 0x0000, 0x0800, 0x3904, 0x3186, 0x40C3, 0x6903, 0x3882, 0x3882, 0x3841, 0x2821, 0x40C2,
  0x38C2, 0x3061, 0x4061, 0x3041, 0x4061, 0x4861, 0x4882, 0x4061, 0x3041, 0x4882, 0x3861, 0x3082,
  0x0820, 0x0000, 0x1000, 0x1000, 0x1000, 0x0800, 0x0800, 0x2021, 0x694C, 0x60C4, 0x5881, 0x5882,
  0x5882, 0x4882, 0x3861, 0x3041, 0x2041, 0x1841, 0x1821, 0x1821, 0x7801, 0xB123, 0xF3E7, 0xE163,
  0xB8C2, 0xB8C2, 0xB082, 0xD143, 0xE183, 0xF3E7, 0xD143, 0x8841, 0x9082, 0x7061, 0x6882, 0x70A2,
  0x6882, 0x80C2, 0x8922, 0x3040, 0x0000, 0x30A1, 0x50E1, 0x1000, 0x1040, 0x30E3, 0x6247, 0x3903,
  0x2020, 0x5881, 0x6102, 0x3882, 0x5841, 0xD347, 0xFDAD, 0x81C5, 0x30A3, 0x0000, 0x0820, 0x0841,
  0x0820, 0x1800, 0x1000, 0x2041, 0x1861, 0x18A2, 0x20E3, 0x38E3, 0x4061, 0x48A2, 0x60C3, 0x60E3,
  0x58C3, 0x48A2, 0x58E3, 0x60E3, 0x48C3, 0x40C3, 0x5924, 0x50C3, 0x1800, 0x18A2, 0x39A6, 0x3985,
  0x5248, 0x2924, 0x39A6, 0x1881, 0x41E7, 0x41A6, 0x41A6, 0x41E7, 0x3124, 0x30C3, 0x2903, 0x41A6,
  0x2924, 0x20E3, 0x1061, 0x0000, 0x1041, 0x0000, 0x18A2, 0x2924, 0x18A2, 0x0000, 0x0000, 0x0800,
  0x0000, 0x4144, 0x7185, 0x5903, 0x59C6, 0x5A48, 0x30E3, 0x28A2, 0x4903, 0x4882, 0x3841, 0x4061,
  0x3861, 0x4061, 0x4061, 0x2841, 0x2821, 0x3841, 0x2021, 0x2020, 0x1000, 0x1000, 0x1820, 0x1820,
  0x1000, 0x0800, 0x0800, 0x2000, 0x590A, 0x70E6, 0x6080, 0x5082, 0x5082, 0x4062, 0x4861, 0x2841,
  0x1841, 0x1841, 0x1841, 0x1841, 0x6001, 0xA882, 0xF428, 0xE9E3, 0xB8E2, 0xB081, 0xB082, 0xC923,
  0xEA04, 0xFC28, 0xD103, 0x9841, 0x7861, 0x8082, 0x6882, 0x6882, 0x9102, 0xB182, 0x5880, 0x1800,
  0x1000, 0x0000, 0x50E1, 0x5881, 0x0800, 0x20A2, 0x0800, 0x3103, 0x3081, 0x1000, 0x3881, 0x28A2,
  0x3021, 0x89C5, 0xFE0F, 0x5903, 0x20A2, 0x0000, 0x1882, 0x1082, 0x1841, 0x3861, 0x0000, 0x1820,
  0x1861, 0x1820, 0x4965, 0x4124, 0x4061, 0x48A2, 0x50A2, 0x58C3, 0x60E3, 0x7124, 0x7944, 0x8165,
  0x8145, 0x60E4, 0x4082, 0x1800, 0x3144, 0x5228, 0x5A27, 0x5207, 0x3145, 0x5A89, 0x41A6, 0x3986,
  0x3165, 0x5AAA, 0x39A6, 0x3144, 0x30A2, 0x38E3, 0x28C2, 0x3944, 0x2103, 0x2945, 0x28E3, 0x18A2,
  0x1082, 0x20E3, 0x2904, 0x18A2, 0x18A2, 0x0000, 0x0000, 0x0000, 0x0000, 0x1020, 0x41E7, 0x6248,
  0x51A6, 0x3903, 0x5103, 0x30A2, 0x38C3, 0x4041, 0x3861, 0x3041, 0x2821, 0x3041, 0x3841, 0x3041,
  0x3841, 0x3841, 0x2841, 0x2841, 0x2020, 0x2020, 0x2020, 0x1800, 0x1800, 0x0800, 0x0800, 0x1821,
  0x40E8, 0x818F, 0x68A2, 0x5080, 0x5082, 0x3861, 0x3861, 0x2841, 0x2041, 0x2041, 0x1841, 0x2041,
  0x6841, 0x9801, 0xEC28, 0xF264, 0xC0E2, 0x9061, 0xA8A1, 0xD143, 0xEA04, 0xF428, 0xC903, 0xA061,
  0x9082, 0x8082, 0x6881, 0x8142, 0x7942, 0x3040, 0x1000, 0x1000, 0x1000, 0x0000, 0x1840, 0x7942,
  0x2800, 0x1820, 0x1061, 0x20A2, 0x3103, 0x40A2, 0x88E2, 0x6922, 0x1841, 0x40A2, 0x9B29, 0x28A2,
  0x0820, 0x0820, 0x1882, 0x0841, 0x2040, 0x28E3, 0x2820, 0x1820, 0x1820, 0x1820, 0x2082, 0x48C3,
  0x3861, 0x50A2, 0x58C3, 0x6904, 0x7924, 0x7944, 0x7945, 0x89A6, 0x81C6, 0x7986, 0x3882, 0x3165,
  0x41E7, 0x20C2, 0x49E6, 0x3145, 0x5269, 0x8C0F, 0x62AA, 0x4A07, 0x4A28, 0x2904, 0x41A6, 0x4965,
  0x5165, 0x4945, 0x38C3, 0x3924, 0x30C2, 0x28E3, 0x39A6, 0x3986, 0x3165, 0x2904, 0x1882, 0x2924,
  0x3965, 0x0000, 0x0000, 0x0000, 0x0000, 0x0000, 0x2061, 0x40E3, 0x3820, 0x3082, 0x3841, 0x3882,
  0x3882, 0x4082, 0x3061, 0x3041, 0x3041, 0x3041, 0x2841, 0x2820, 0x2841, 0x3041, 0x2021, 0x1820,
  0x2020, 0x2020, 0x1800, 0x1020, 0x1020, 0x0820, 0x0820, 0x1021, 0x28A4, 0x598D, 0x8A12, 0x68E5,
  0x5081, 0x3061, 0x2841, 0x2841, 0x2041, 0x2041, 0x2041, 0x2841, 0x6841, 0x9800, 0xDB47, 0xFB26,
  0xD122, 0xA881, 0xA881, 0xD943, 0xE9E3, 0xF468, 0xD143, 0xB061, 0x98A2, 0x88A2, 0x80C2, 0x60C2,
  0x2000, 0x2000, 0x0800, 0x0000, 0x0800, 0x1800, 0x1000, 0x2060, 0x58A1, 0x2820, 0x2061, 0x0820,
  0x5A27, 0x6206, 0x2800, 0x60C1, 0x38C2, 0x1841, 0x2061, 0x20C3, 0x0000, 0x0820, 0x1041, 0x0820,
  0x2861, 0x1882, 0x2821, 0x3041, 0x3041, 0x4061, 0x3861, 0x4882, 0x5082, 0x60C3, 0x60C3, 0x68E3,
  0x7944, 0x7124, 0x89E7, 0xAACA, 0x8207, 0x2861, 0x2103, 0x41C6, 0x2903, 0x41A5, 0x49E7, 0x62EB,
  0x18C3, 0x49E7, 0x732C, 0x732C, 0x3924, 0x3924, 0x5965, 0x59A6, 0x60E3, 0x70C2, 0x6904, 0x5144,
  0x28C3, 0x2061, 0x3965, 0x3986, 0x3165, 0x20C3, 0x3145, 0x41C6, 0x3124, 0x0841, 0x0000, 0x0000,
  0x0000, 0x0000, 0x1800, 0x28C3, 0x40A2, 0x20C2, 0x3061, 0x3861, 0x2841, 0x3861, 0x3861, 0x2820,
  0x2820, 0x2020, 0x2021, 0x2041, 0x2061, 0x3041, 0x3041, 0x1820, 0x2000, 0x2041, 0x1862, 0x1061,
  0x1061, 0x1041, 0x0841, 0x1021, 0x2042, 0x2842, 0x38A6, 0x40A6, 0x5082, 0x3061, 0x3041, 0x3061,
  0x2041, 0x2041, 0x2841, 0x2841, 0x7061, 0x8001, 0xD265, 0xFC28, 0xD942, 0xC8C2, 0xB8A1, 0xC902,
  0xE203, 0xFD2A, 0xE1C4, 0xB841, 0x8882, 0x80A2, 0x88A2, 0x80C2, 0x80C2, 0x5861, 0x5861, 0x6861,
  0x2820, 0x1000, 0x1020, 0x0820, 0x40E1, 0x3880, 0x0800, 0x1881, 0x30E3, 0x49E6, 0x3124, 0x38A1,
  0x7142, 0x1041, 0x2082, 0x1061, 0x0000, 0x0820, 0x0841, 0x1000, 0x2041, 0x2020, 0x2000, 0x3041,
  0x2841, 0x3041, 0x5082, 0x58A2, 0x58A2, 0x58A2, 0x60C3, 0x60C3, 0x68E3, 0x8145, 0x91C6, 0x9208,
  0x71C6, 0x1040, 0x41A6, 0x18C3, 0x41A6, 0x41C6, 0x5A8A, 0x5228, 0x3986, 0x39A6, 0x4A28, 0x5A8A,
  0x30C3, 0x3924, 0x5144, 0x70E3, 0xC166, 0xD9A5, 0xB8A3, 0x60C3, 0x30C3, 0x20A2, 0x18A2, 0x39C7,
  0x3166, 0x2924, 0x41C6, 0x41C6, 0x2904, 0x0820, 0x0820, 0x0841, 0x0841, 0x0000, 0x0000, 0x2881,
  0x30A2, 0x3061, 0x2881, 0x2041, 0x2082, 0x2820, 0x3041, 0x2841, 0x2081, 0x20A2, 0x2061, 0x18A2,
  0x3944, 0x2061, 0x2841, 0x2861, 0x28E3, 0x20C3, 0x1882, 0x1882, 0x1861, 0x1041, 0x1020, 0x1000,
  0x1000, 0x0800, 0x1800, 0x4860, 0x5082, 0x3861, 0x3061, 0x3861, 0x2841, 0x2841, 0x3041, 0x2841,
  0x6841, 0x7821, 0xC123, 0xFCA8, 0xE183, 0xC0E2, 0xB8A1, 0xB8C2, 0xE264, 0xFD09, 0xEA86, 0xC041,
  0xA0C2, 0xA8E2, 0x88A2, 0x78A2, 0x80C2, 0x80C2, 0x88C2, 0x5061, 0x4861, 0x2820, 0x1820, 0x2061,
  0x1061, 0x58C1, 0x4861, 0x1040, 0x1861, 0x3103, 0x6288, 0x30C2, 0x5081, 0x4903, 0x1061, 0x0000,
  0x0841, 0x0820, 0x0020, 0x1800, 0x1020, 0x1800, 0x2020, 0x2821, 0x3861, 0x3041, 0x4061, 0x4861,
  0x4061, 0x68C3, 0x58A2, 0x58C3, 0x68E3, 0x7104, 0x58E3, 0x58E3, 0x38C2, 0x3924, 0x3165, 0x2924,
  0x2924, 0x5AAA, 0x39A6, 0x4165, 0x6AAA, 0x18A2, 0x28C2, 0x4124, 0x38E3, 0x48E3, 0x4903, 0x98A3,
  0xE247, 0xF3A8, 0xD125, 0x70A3, 0x48E3, 0x28A2, 0x20A2, 0x28E3, 0x20A2, 0x3124, 0x18A2, 0x1882,
  0x18A2, 0x0820, 0x0841, 0x0841, 0x1082, 0x0000, 0x0000, 0x1800, 0x30C2, 0x4082, 0x28A2, 0x1821,
  0x2882, 0x3861, 0x2061, 0x1882, 0x28A2, 0x28A2, 0x2841, 0x1882, 0x3103, 0x20A2, 0x20E3, 0x3145,
  0x2904, 0x3985, 0x18A2, 0x1020, 0x0800, 0x0000, 0x0000, 0x0000, 0x0000, 0x2020, 0x58A2, 0x58A2,
  0x4061, 0x3861, 0x3861, 0x3861, 0x3061, 0x3861, 0x2841, 0x2841, 0x6041, 0x7041, 0xB021, 0xEC08,
  0xEA04, 0xD102, 0xB881, 0xB081, 0xE1C4, 0xFD29, 0xEB87, 0xC821, 0xA8C2, 0x98A2, 0x80A2, 0x78A2,
  0x6882, 0x78A2, 0x88C2, 0x80E2, 0x1000, 0x0000, 0x1000, 0x2020, 0x2041, 0x0800, 0x48A1, 0x48A1,
  0x0000, 0x30E3, 0x5227, 0x6A68, 0x3061, 0x58C2, 0x0820, 0x0000, 0x0820, 0x0800, 0x0000, 0x1000,
  0x1000, 0x1800, 0x1800, 0x2820, 0x3041, 0x3041, 0x2821, 0x3041, 0x4861, 0x50A2, 0x58A2, 0x70E3,
  0x68E3, 0x58C3, 0x68E3, 0x60E3, 0x0800, 0x30A2, 0x41A6, 0x20C3, 0x28C3, 0x20E3, 0x3144, 0x28C3,
  0x2041, 0x3986, 0x3945, 0x2081, 0x2861, 0x3061, 0x40C3, 0xA8E3, 0xE185, 0xEA86, 0xD965, 0x80A3,
  0x30A2, 0x1841, 0x1841, 0x1041, 0x28A2, 0x2904, 0x20E3, 0x1061, 0x18A2, 0x1882, 0x0020, 0x0841,
  0x1061, 0x1061, 0x0020, 0x0800, 0x3082, 0x38C2, 0x20A2, 0x2061, 0x3061, 0x30E3, 0x2861, 0x1861,
  0x2861, 0x1841, 0x20A2, 0x1882, 0x1882, 0x20E3, 0x20C3, 0x3144, 0x2924, 0x1061, 0x0000, 0x0000,
  0x0000, 0x0000, 0x0000, 0x0800, 0x2841, 0x70C2, 0x60A2, 0x5082, 0x4082, 0x4062, 0x4062, 0x4862,
  0x3861, 0x4061, 0x3061, 0x2841, 0x6041, 0x7061, 0x9000, 0xE326, 0xF386, 0xE142, 0xC8E2, 0xC0A1,
  0xD963, 0xFBC7, 0xF488, 0xD062, 0xB0A2, 0xA0A2, 0xA0C2, 0x80A2, 0x70A2, 0x78A2, 0xA123, 0xB162,
  0x2000, 0x0000, 0x0800, 0x0800, 0x1000, 0x0800, 0x1020, 0x48C1, 0x1000, 0x30C2, 0x28C2, 0x41C6,
  0x41A5, 0x48C2, 0x4081, 0x0000, 0x0000, 0x0000, 0x0800, 0x0800, 0x1000, 0x1800, 0x1000, 0x2020,
  0x2020, 0x2821, 0x3841, 0x4861, 0x5882, 0x4062, 0x5082, 0x60A2, 0x50A2, 0x58A2, 0x60C3, 0x48A3,
  0x2103, 0x2061, 0x3944, 0x18A2, 0x2903, 0x20C2, 0x20E3, 0x49A6, 0x1821, 0x3165, 0x62AA, 0x49A6,
  0x3081, 0x3082, 0x3082, 0x6904, 0xB904, 0xD144, 0xB124, 0x6144, 0x2061, 0x2882, 0x20A2, 0x3986,
  0x2924, 0x20E3, 0x20C3, 0x1082, 0x1882, 0x1061, 0x0020, 0x1041, 0x0000, 0x1061, 0x0820, 0x0000,
  0x2820, 0x28C2, 0x20A2, 0x28E3, 0x28C2, 0x2061, 0x2061, 0x2082, 0x1020, 0x0800, 0x0000, 0x0000,
  0x0000, 0x0000, 0x3104, 0x3965, 0x0820, 0x0000, 0x0000, 0x0000, 0x0000, 0x0000, 0x0000, 0x1000,
  0x58E5, 0x68C3, 0x6082, 0x50A2, 0x5082, 0x5082, 0x4882, 0x4082, 0x4882, 0x4061, 0x3061, 0x2041,
  0x5841, 0x7061, 0x8801, 0xC984, 0xFD09, 0xE183, 0xC0A2, 0xD0E2, 0xD122, 0xEA44, 0xFD6A, 0xD964,
  0xB862, 0xB8E3, 0xC123, 0x78A2, 0x90C2, 0x90C2, 0xA142, 0x60A1, 0x2000, 0x0800, 0x1000, 0x1000,
  0x0800, 0x0800, 0x0000, 0x40A1, 0x60C1, 0x0820, 0x0840, 0x3944, 0x72EA, 0x2903, 0x48A2, 0x1820,
  0x0000, 0x40C1, 0x6122, 0x3061, 0x1820, 0x0800, 0x1800, 0x1800, 0x2020, 0x2820, 0x3041, 0x5082,
  0x4881, 0x5082, 0x5082, 0x4882, 0x60A2, 0x5882, 0x40A2, 0x20C2, 0x2924, 0x0000, 0x3103, 0x3145,
  0x1061, 0x3104, 0x41A6, 0x4A07, 0x1061, 0x3986, 0x39A6, 0x49C7, 0x2882, 0x3082, 0x3861, 0x3082,
  0x5924, 0x7944, 0x40C3, 0x2082, 0x48C3, 0x2061, 0x2924, 0x3145, 0x2903, 0x20C3, 0x1882, 0x18A2,
  0x1061, 0x20A2, 0x0840, 0x0820, 0x0820, 0x0000, 0x0820, 0x0000, 0x0800, 0x2882, 0x2881, 0x3041,
  0x2841, 0x1861, 0x1861, 0x0800, 0x0000, 0x0000, 0x0000, 0x0000, 0x0000, 0x0000, 0x0000, 0x0800,
  0x0000, 0x0800, 0x1820, 0x1821, 0x1000, 0x0800, 0x0000, 0x1000, 0x40A4, 0x7948, 0x70C2, 0x58A2,
  0x5882, 0x5082, 0x4062, 0x58A2, 0x5082, 0x3061, 0x3061, 0x2841, 0x5041, 0x7041, 0x8861, 0xA821,
  0xF489, 0xF284, 0xC8A1, 0xC0A2, 0xC8E2, 0xEA04, 0xFD09, 0xEAE6, 0xC862, 0xB0A2, 0xA8E2, 0x90E2,
  0x90C2, 0xA902, 0x80E1, 0x1800, 0x1000, 0x0800, 0x1000, 0x1000, 0x1020, 0x0800, 0x0000, 0x0000,
  0x50E1, 0x2040, 0x0820, 0x28C2, 0x49C5, 0x5A48, 0x30E3, 0x50A2, 0x5101, 0x50E1, 0x28A2, 0x3103,
  0x2040, 0x1000, 0x1000, 0x1800, 0x1800, 0x2820, 0x3841, 0x2820, 0x4861, 0x3861, 0x3861, 0x4882,
  0x4082, 0x28A2, 0x28E3, 0x28C2, 0x1861, 0x1882, 0x0820, 0x3986, 0x3144, 0x28A2, 0x20A2, 0x0000,
  0x2924, 0x3985, 0x3986, 0x3165, 0x4124, 0x2881, 0x2061, 0x38A2, 0x2041, 0x1841, 0x2861, 0x38A2,
  0x2841, 0x2082, 0x3165, 0x2904, 0x20A2, 0x20A2, 0x1882, 0x0820, 0x20E3, 0x18A2, 0x1061, 0x0000,
  0x0820, 0x0000, 0x0020, 0x0020, 0x0000, 0x2040, 0x3965, 0x28A2, 0x1861, 0x1000, 0x0800, 0x0000,
  0x0000, 0x0000, 0x0000, 0x0000, 0x0000, 0x1041, 0x1061, 0x0000, 0x1861, 0x28C3, 0x1841, 0x1841,
  0x1041, 0x0821, 0x0820, 0x1000, 0x2862, 0x50C6, 0x58C5, 0x70C2, 0x58A2, 0x4882, 0x60A2, 0x5882,
  0x4081, 0x4881, 0x3861, 0x3861, 0x5841, 0x5841, 0x7861, 0xA801, 0xDA85, 0xFBC7, 0xD8C2, 0xB8A2,
  0xC0C2, 0xE9E4, 0xF386, 0xF449, 0xD8A2, 0xC0C2, 0xB8E2, 0x98E2, 0xA103, 0xA942, 0x5020, 0x2000,
  0x1000, 0x0800, 0x1800, 0x1020, 0x1020, 0x0000, 0x0800, 0x0000, 0x0000, 0x50C1, 0x1820, 0x1041,
  0x20A2, 0x6226, 0x6984, 0x6102, 0x5922, 0x4902, 0x3061, 0x20E3, 0x3103, 0x2020, 0x0800, 0x1800,
  0x1800, 0x1800, 0x3041, 0x3841, 0x3841, 0x3861, 0x3041, 0x3861, 0x20A2, 0x20C2, 0x20C2, 0x20C2,
  0x1881, 0x20A2, 0x0020, 0x2881, 0x3944, 0x0000, 0x0841, 0x20C3, 0x20C2, 0x28E3, 0x28E3, 0x3945,
  0x3945, 0x41A6, 0x28C2, 0x1841, 0x2041, 0x2841, 0x2041, 0x1841, 0x20A2, 0x3165, 0x28E3, 0x20C3,
  0x20E3, 0x20A2, 0x1041, 0x1061, 0x18A2, 0x1082, 0x0820, 0x0000, 0x0000, 0x0000, 0x0000, 0x0000,
  0x0000, 0x1000, 0x28C3, 0x1841, 0x1000, 0x0000, 0x0000, 0x0000, 0x0000, 0x0000, 0x0820, 0x0820,
  0x0800, 0x0000, 0x20C2, 0x2903, 0x20C3, 0x20C3, 0x20C2, 0x1882, 0x1061, 0x0800, 0x0800, 0x0800,
  0x0000, 0x0800, 0x5081, 0x78C2, 0x5882, 0x60A2, 0x70C2, 0x3861, 0x4882, 0x60A2, 0x3041, 0x2841,
  0x5041, 0x6041, 0x7061, 0x8041, 0xB882, 0xF407, 0xE9E3, 0xD102, 0xA041, 0xB902, 0xF326, 0xFD8A,
  0xE164, 0xC8A2, 0xB8C2, 0xA8E2, 0xC1A3, 0x78C1, 0x2800, 0x0800, 0x1000, 0x0800, 0x1020, 0x2061,
  0x0800, 0x0000, 0x0800, 0x0000, 0x0000, 0x2040, 0x68E1, 0x0000, 0x38A1, 0x5922, 0x28C2, 0x3165,
  0x2904, 0x2903, 0x20C2, 0x1861, 0x20C3, 0x38E3, 0x2820, 0x0800, 0x1800, 0x2000, 0x1800, 0x2820,
  0x2820, 0x3041, 0x2061, 0x1882, 0x20A2, 0x28C3, 0x20C2, 0x20A2, 0x20C2, 0x18A2, 0x3104, 0x0000,
  0x0000, 0x20E3, 0x28C2, 0x41C6, 0x3165, 0x28A2, 0x40E2, 0x2924, 0x2904, 0x3924, 0x3945, 0x2904,
  0x2081, 0x2861, 0x1882, 0x3124, 0x3145, 0x20C3, 0x20A2, 0x20C3, 0x1882, 0x1861, 0x1041, 0x20C3,
  0x20C3, 0x0000, 0x0000, 0x0000, 0x0000, 0x0000, 0x0000, 0x0000, 0x0000, 0x0000, 0x0800, 0x0000,
  0x0000, 0x0000, 0x0000, 0x0000, 0x0000, 0x0000, 0x1062, 0x18A2, 0x2082, 0x3041, 0x0000, 0x20C2,
  0x41A6, 0x20C3, 0x1041, 0x0000, 0x0000, 0x0000, 0x0000, 0x0800, 0x1021, 0x60A2, 0x98E3, 0x70A2,
  0x70C2, 0x80E3, 0x5082, 0x58A2, 0x60A2, 0x4861, 0x2841, 0x2841, 0x4041, 0x5041, 0x6061, 0x7061,
  0x9801, 0xE2A5, 0xFBC7, 0xE102, 0xB8A1, 0xB8A2, 0xE9E3, 0xFCA8, 0xEB26, 0xD061, 0xB8C2, 0xB102,
  0x58A1, 0x1800, 0x3020, 0x2000, 0x1000, 0x1800, 0x2841, 0x1020, 0x0000, 0x1000, 0x0800, 0x0800,
  0x0000, 0x2860, 0x48C1, 0x50C1, 0x4902, 0x3144, 0x3985, 0x2924, 0x1061, 0x1861, 0x1040, 0x0800,
  0x0000, 0x0820, 0x0800, 0x1000, 0x1000, 0x1800, 0x1800, 0x2000, 0x2020, 0x1861, 0x1061, 0x1882,
  0x20C2, 0x28C3, 0x20C3, 0x18A2, 0x20C3, 0x0841, 0x0000, 0x0000, 0x1000, 0x30E3, 0x3985, 0x3944,
  0x3965, 0x2944, 0x2924, 0x18C3, 0x20A2, 0x1882, 0x20A2, 0x28E3, 0x20A2, 0x1841, 0x28C3, 0x2903,
  0x20C3, 0x20C3, 0x20A2, 0x1061, 0x1041, 0x1061, 0x20E3, 0x20C3, 0x0820, 0x0000, 0x0000, 0x0000,
  0x0000, 0x0000, 0x0000, 0x0000, 0x0000, 0x0000, 0x0000, 0x0000, 0x0000, 0x0000, 0x0000, 0x0000,
  0x0000, 0x0000, 0x0020, 0x3965, 0x28A2, 0x38C3, 0x2841, 0x1040, 0x1081, 0x0000, 0x0000, 0x0800,
  0x1000, 0x0800, 0x0800, 0x1000, 0x3883, 0x7126, 0x88C2, 0x88E3, 0x80C3, 0x5882, 0x68A2, 0x70C2,
  0x5082, 0x3041, 0x2841, 0x2041, 0x3841, 0x4041, 0x5041, 0x6861, 0x7841, 0xB0A2, 0xE3C7, 0xD183,
  0xC0C2, 0xB8A2, 0xC103, 0xDAC5, 0xE4A8, 0xC8E2, 0xB0C2, 0x90A2, 0x6881, 0x78C2, 0x90E2, 0x9922,
  0x4860, 0x0000, 0x1000, 0x0800, 0x1000, 0x1000, 0x0000, 0x0000, 0x1040, 0x5102, 0x5922, 0x3081,
  0x20E3, 0x3124, 0x1882, 0x1020, 0x0000, 0x1040, 0x1040, 0x1841, 0x1861, 0x0800, 0x0000, 0x0800,
  0x1000, 0x0800, 0x1800, 0x1020, 0x1041, 0x1061, 0x1061, 0x1861, 0x1881, 0x1882, 0x1882, 0x1041,
  0x0000, 0x0000, 0x1000, 0x1020, 0x0000, 0x0820, 0x2082, 0x1841, 0x0000, 0x20A2, 0x2924, 0x20E3,
  0x28C3, 0x20A2, 0x1882, 0x2082, 0x1861, 0x1820, 0x1861, 0x1882, 0x1882, 0x1061, 0x1061, 0x0820,
  0x1882, 0x18A2, 0x1882, 0x0820, 0x0000, 0x0000, 0x0820, 0x0820, 0x0000, 0x0000, 0x0000, 0x0000,
  0x0000, 0x0000, 0x0000, 0x0000, 0x0000, 0x0000, 0x0820, 0x0000, 0x0000, 0x0000, 0x0000, 0x20E3,
  0x3924, 0x3104, 0x28A2, 0x2020, 0x1000, 0x2041, 0x2082, 0x2041, 0x1820, 0x1000, 0x1000, 0x0800,
  0x1820, 0x48E6, 0x78E4, 0x88C2, 0x70C2, 0x68A2, 0x78C2, 0x5882, 0x3861, 0x2841, 0x2041, 0x2041,
  0x3841, 0x3841, 0x4041, 0x5861, 0x6061, 0x8001, 0xB1C4, 0xCB26, 0xB8E2, 0xA0A1, 0xA0A1, 0xB922,
  0xCB86, 0xC245, 0xA861, 0x98A2, 0x80A2, 0x88C2, 0xA923, 0xA142, 0x3820, 0x1000, 0x0000, 0x1000,
  0x1000, 0x0000, 0x0000, 0x2881, 0x7142, 0x6102, 0x2061, 0x20C3, 0x20C3, 0x1861, 0x0800, 0x0000,
  0x0841, 0x28C2, 0x3124, 0x28E3, 0x20A2, 0x2061, 0x0800, 0x0000, 0x0800, 0x0800, 0x0820, 0x0820,
  0x0820, 0x1061, 0x1041, 0x1061, 0x1061, 0x1061, 0x0000, 0x0000, 0x0800, 0x2861, 0x3861, 0x3082,
  0x1820, 0x0000, 0x0000, 0x0000, 0x0000, 0x0000, 0x1020, 0x1861, 0x2903, 0x2924, 0x1882, 0x1061,
  0x1061, 0x1041, 0x1882, 0x1082, 0x1041, 0x1041, 0x0820, 0x1082, 0x18C3, 0x1082, 0x0800, 0x0000,
  0x0020, 0x0820, 0x0820, 0x0820, 0x0000, 0x0000, 0x0000, 0x0000, 0x0000, 0x0000, 0x0820, 0x0000,
  0x1041, 0x1082, 0x1061, 0x0000, 0x18A2, 0x0841, 0x0000, 0x1061, 0x41C6, 0x20E3, 0x20E3, 0x18A2,
  0x3061, 0x3062, 0x2882, 0x2041, 0x1020, 0x1020, 0x0820, 0x0820, 0x1021, 0x3064, 0x58E9, 0x68C4,
  0x78E2, 0x78E3, 0x5882, 0x3041, 0x4061, 0x3061, 0x2841, 0x2841, 0x2841, 0x3841, 0x4841, 0x4041,
  0x5041, 0x6041, 0x8021, 0xB2E6, 0xB203, 0xA0A1, 0x9881, 0x98E2, 0xB224, 0xB346, 0xA8A2, 0x98A2,
  0x70A1, 0x70C2, 0x9922, 0x4860, 0x0800, 0x2000, 0x1800, 0x1000, 0x0800, 0x0000, 0x0800, 0x38C1,
  0x40C1, 0x28C2, 0x20E3, 0x1041, 0x1061, 0x0000, 0x0020, 0x1882, 0x28E3, 0x2904, 0x20C3, 0x1081,
  0x1041, 0x1020, 0x0000, 0x0000, 0x0000, 0x0000, 0x0000, 0x0820, 0x0820, 0x1041, 0x0820, 0x0820,
  0x0820, 0x0000, 0x1000, 0x2020, 0x3041, 0x3861, 0x3061, 0x3061, 0x3082, 0x1882, 0x2061, 0x3882,
  0x3882, 0x1820, 0x0800, 0x0000, 0x0800, 0x1861, 0x18A2, 0x18A2, 0x0841, 0x1041, 0x1061, 0x1041,
  0x0820, 0x0841, 0x1082, 0x18C3, 0x1041, 0x0000, 0x0000, 0x0000, 0x0841, 0x1041, 0x0000, 0x0000,
  0x0000, 0x0000, 0x0000, 0x0000, 0x0000, 0x0000, 0x0000, 0x0841, 0x1061, 0x0841, 0x0820, 0x1882,
  0x1882, 0x18A2, 0x0000, 0x0000, 0x0000, 0x0800, 0x0820, 0x18A2, 0x20E3, 0x2061, 0x1861, 0x1882,
  0x1082, 0x1061, 0x0820, 0x1000, 0x1000, 0x1000, 0x1000, 0x3862, 0x78C2, 0x68A2, 0x4081, 0x3861,
  0x3861, 0x3041, 0x2841, 0x2841, 0x2020, 0x2841, 0x3841, 0x3840, 0x4041, 0x5041, 0x6021, 0x88C2,
  0xA305, 0x9942, 0x90A1, 0x8081, 0x9962, 0xA325, 0x99E3, 0x9081, 0x80E2, 0x88E2, 0x58A1, 0x48C1,
  0x60C1, 0x1800, 0x0000, 0x0800, 0x0000, 0x0000, 0x1020, 0x40E1, 0x2060, 0x0800, 0x0820, 0x1882,
  0x1882, 0x1061, 0x18A2, 0x20E3, 0x20C3, 0x1081, 0x0820, 0x0000, 0x0000, 0x0800, 0x1020, 0x0000,
  0x0000, 0x0000, 0x0000, 0x0800, 0x0820, 0x0820, 0x0820, 0x0000, 0x0000, 0x1000, 0x2020, 0x2820,
  0x2820, 0x3041, 0x2021, 0x2061, 0x2041, 0x1082, 0x2882, 0x3882, 0x3082, 0x3882, 0x2841, 0x1000,
  0x0000, 0x0000, 0x1000, 0x1041, 0x1882, 0x1861, 0x1061, 0x1061, 0x1082, 0x1082, 0x1061, 0x0820,
  0x0000, 0x0000, 0x0000, 0x0820, 0x1041, 0x1041, 0x0000, 0x0000, 0x0000, 0x0000, 0x0000, 0x0000,
  0x0000, 0x0000, 0x0000, 0x0820, 0x0000, 0x0861, 0x18A2, 0x18A2, 0x0820, 0x0840, 0x1041, 0x0000,
  0x0000, 0x0000, 0x0000, 0x0000, 0x20C3, 0x2924, 0x20E3, 0x1082, 0x0820, 0x0000, 0x0000, 0x0000,
  0x0000, 0x0000, 0x3861, 0x68A2, 0x68A2, 0x5081, 0x4861, 0x4861, 0x2841, 0x2841, 0x2841, 0x2020,
  0x2020, 0x2020, 0x2841, 0x3841, 0x3020, 0x4041, 0x5041, 0x5800, 0x8163, 0x9284, 0x80C1, 0x7061,
  0x7081, 0x8102, 0x8A44, 0x80E2, 0x80C1, 0x78E1, 0x70E2, 0x8962, 0x70E1, 0x2000, 0x0000, 0x1000,
  0x0000, 0x0000, 0x2060, 0x40E1, 0x0800, 0x0800, 0x0841, 0x1081, 0x1061, 0x18A2, 0x18A2, 0x1881,
  0x1041, 0x0820, 0x0000, 0x0840, 0x1061, 0x1881, 0x1861, 0x1020, 0x0000, 0x0000, 0x0000, 0x0000,
  0x0000, 0x0000, 0x0000, 0x0000, 0x0800, 0x0800, 0x1000, 0x1820, 0x1820, 0x1841, 0x2041, 0x2082,
  0x1881, 0x1081, 0x20E3, 0x28E3, 0x28E3, 0x2082, 0x2061, 0x1840, 0x1000, 0x0800, 0x0000, 0x0000,
  0x0820, 0x1041, 0x1082, 0x1061, 0x0861, 0x0820, 0x0000, 0x0000, 0x0000, 0x0000, 0x0820, 0x1061,
  0x0820, 0x0000, 0x0820, 0x0000, 0x0000, 0x0000, 0x0000, 0x0000, 0x0000, 0x0000, 0x0000, 0x0000,
  0x0820, 0x1082, 0x1082, 0x0841, 0x18A2, 0x0820, 0x1061, 0x0820, 0x0000, 0x0000, 0x0000, 0x0000,
  0x0820, 0x20E3, 0x0820, 0x0000, 0x0000, 0x0000, 0x0000, 0x0000, 0x0000, 0x3041, 0x60A2, 0x5882,
  0x5081, 0x4061, 0x4061, 0x3861, 0x2841, 0x2041, 0x1820, 0x1820, 0x1820, 0x1820, 0x2020, 0x2820,
  0x2820, 0x3020, 0x4020, 0x4841, 0x6020, 0x71A3, 0x79E3, 0x70A1, 0x68A1, 0x68A1, 0x7163, 0x7163,
  0x6881, 0x3060, 0x7102, 0x6102, 0x4040, 0x2000, 0x0800, 0x0800, 0x0000, 0x0000, 0x38C1, 0x2881,
  0x0000, 0x0000, 0x0820, 0x1082, 0x18C2, 0x1081, 0x1041, 0x0820, 0x0000, 0x0000, 0x1041, 0x18A2,
  0x18A2, 0x1041, 0x0820, 0x0800, 0x0000, 0x0000, 0x0000, 0x0000, 0x0000, 0x0000, 0x0800, 0x0800,
  0x0800, 0x1020, 0x0800, 0x1020, 0x0800, 0x1020, 0x0800, 0x0800, 0x0000, 0x0000, 0x0820, 0x0820,
  0x0840, 0x1020, 0x1020, 0x1020, 0x1820, 0x1020, 0x0000, 0x0800, 0x0000, 0x0000, 0x0820, 0x0841,
  0x0000, 0x0000, 0x0000, 0x0020, 0x0820, 0x0820, 0x1041, 0x0820, 0x0000, 0x0000, 0x0000, 0x0800,
  0x0000, 0x0000, 0x0000, 0x0000, 0x0000, 0x0000, 0x0000, 0x0020, 0x0820, 0x1041, 0x18A2, 0x1041,
  0x1061, 0x0820, 0x0841, 0x0820, 0x0000, 0x0820, 0x0000, 0x0000, 0x0000, 0x0000, 0x0000, 0x0000,
  0x0000, 0x0000, 0x0000, 0x0000, 0x0800, 0x3042, 0x4881, 0x4861, 0x4061, 0x2841, 0x2842, 0x3041,
  0x2841, 0x2040, 0x1820, 0x1820, 0x1820, 0x1820, 0x1820, 0x1820, 0x2020, 0x2020, 0x2820, 0x3020,
  0x3820, 0x5020, 0x61A3, 0x61E3, 0x60C1, 0x5881, 0x58A1, 0x69A3, 0x48A1, 0x1000, 0x48C1, 0x48A1,
  0x0800, 0x0800, 0x0800, 0x0000, 0x0800, 0x0000, 0x30A1, 0x1020, 0x0841, 0x0000, 0x0000, 0x1061,
  0x1061, 0x0000, 0x0841, 0x0020, 0x0820, 0x1061, 0x18A2, 0x1061, 0x0840, 0x0000, 0x0000, 0x0000,
  0x0000, 0x0000, 0x0000, 0x0000, 0x0000, 0x0800, 0x0000, 0x0800, 0x0800, 0x0800, 0x0000, 0x0000,
  0x0000, 0x0000, 0x0000, 0x0000, 0x0000, 0x0000, 0x0000, 0x0000, 0x0000, 0x0000, 0x0000, 0x0000,
  0x0000, 0x0000, 0x0800, 0x0800, 0x0000, 0x0000, 0x0000, 0x0000, 0x0000, 0x0000, 0x0820, 0x0841,
  0x0841, 0x0820, 0x0020, 0x0000, 0x0020, 0x0000, 0x0000, 0x0000, 0x0000, 0x0000, 0x0000, 0x0000,
  0x0000, 0x0000, 0x0000, 0x0000, 0x0820, 0x0820, 0x1041, 0x1081, 0x0820, 0x0841, 0x0820, 0x0841,
  0x0020, 0x0000, 0x0000, 0x0000, 0x0000, 0x0000, 0x0000, 0x0800, 0x0800, 0x0800, 0x0000, 0x0000,
  0x1000, 0x2022, 0x3861, 0x4061, 0x4061, 0x1820, 0x1022, 0x3041, 0x2020, 0x2020, 0x1820, 0x1820,
  0x1820, 0x1820, 0x1820, 0x1020, 0x1820, 0x2020, 0x1820, 0x2020, 0x3020, 0x3020, 0x4020, 0x4962,
  0x5162, 0x48A1, 0x4881, 0x48E1, 0x4102, 0x2000, 0x1820, 0x1000, 0x1000, 0x0800, 0x0000, 0x0000,
  0x0000, 0x1840, 0x1840, 0x0800, 0x0820, 0x0020, 0x0000, 0x0000, 0x0000, 0x0840, 0x0841, 0x0841,
  0x1061, 0x1061, 0x0840, 0x0020, 0x0000, 0x0000, 0x0820, 0x0841, 0x0820, 0x0000, 0x0000, 0x0000,
  0x0000, 0x0000, 0x0000, 0x0800, 0x0000, 0x0000, 0x0000, 0x0000, 0x0020, 0x0820, 0x0820, 0x0840,
  0x0840, 0x0820, 0x0841, 0x0841, 0x1061, 0x1041, 0x0820, 0x0020, 0x0000, 0x0000, 0x0000, 0x0000,
  0x0800, 0x0000, 0x0000, 0x0000, 0x0000, 0x0000, 0x0000, 0x0820, 0x0820, 0x0020, 0x0020, 0x0000,
  0x0000, 0x0000, 0x0000, 0x0000, 0x0000, 0x0000, 0x0000, 0x0000, 0x0000, 0x0000, 0x0000, 0x0000,
  0x0000, 0x0820, 0x0820, 0x0841, 0x0020, 0x0840, 0x1061, 0x0000, 0x0000, 0x0000, 0x0000, 0x0000,
  0x0000, 0x0000, 0x0820, 0x0800, 0x0800, 0x0800, 0x0000, 0x0000, 0x0800, 0x1001, 0x2841, 0x3041,
  0x3041, 0x0820, 0x0801, 0x2021, 0x2020, 0x1820, 0x1020, 0x1020, 0x1000, 0x1020, 0x1020, 0x1020,
  0x1000, 0x1000, 0x1020, 0x1820, 0x2020, 0x2020, 0x2820, 0x3020, 0x3902, 0x3942, 0x38A1, 0x3861,
  0x38C1, 0x2881, 0x1000, 0x0000, 0x0000, 0x0000, 0x0000, 0x0000, 0x0820, 0x1040, 0x0800, 0x0800,
  0x0000, 0x0820, 0x0000, 0x0000, 0x0000, 0x0820, 0x0820, 0x0841, 0x0820, 0x0000, 0x0000, 0x0000,
  0x0000, 0x0841, 0x0841, 0x0020, 0x0000, 0x0000, 0x0000, 0x0000, 0x0000, 0x0000, 0x0000, 0x0000,
  0x0000, 0x0000, 0x0000, 0x0000, 0x0020, 0x0020, 0x0820, 0x0820, 0x0820, 0x0840, 0x0841, 0x0840,
  0x0841, 0x0820, 0x0820, 0x0820, 0x0020, 0x0000, 0x0000, 0x0000, 0x0000, 0x0000, 0x0000, 0x0000,
  0x0000, 0x0000, 0x0000, 0x0000, 0x0820, 0x0020, 0x0000, 0x0000, 0x0000, 0x0000, 0x0000, 0x0000,
  0x0000, 0x0000, 0x0000, 0x0000, 0x0000, 0x0000, 0x0000, 0x0000, 0x0000, 0x0000, 0x0020, 0x0020,
  0x0841, 0x0020, 0x0000, 0x0000, 0x0000, 0x0000, 0x0000, 0x0000, 0x0000, 0x0000, 0x0820, 0x0800,
  0x0800, 0x0000, 0x0000, 0x0000, 0x0800, 0x0800, 0x1821, 0x2040, 0x1820, 0x0000, 0x0000, 0x1821,
  0x1820, 0x1020, 0x1000, 0x0800, 0x0800, 0x0800, 0x0800, 0x0800, 0x0800, 0x0800, 0x0800, 0x1000,
  0x1000, 0x1800, 0x1820, 0x1820, 0x2000, 0x20A1, 0x20C1, 0x2060, 0x2060, 0x20A1, 0x0820, 0x0000,
  0x0000, 0x0000, 0x0800, 0x0820, 0x1040, 0x0000, 0x0000, 0x0000, 0x0000, 0x0000, 0x0000, 0x0000,
  0x0000, 0x0000, 0x0841, 0x0000, 0x0000, 0x0000, 0x0000, 0x0000, 0x0820, 0x0820, 0x0000, 0x0000,
  0x0000, 0x0000, 0x0000, 0x0000, 0x0000, 0x0000, 0x0000, 0x0000, 0x0000, 0x0000, 0x0000, 0x0000,
  0x0000, 0x0000, 0x0000, 0x0000, 0x0000, 0x0000, 0x0000, 0x0020, 0x0000, 0x0000, 0x0000, 0x0000,
  0x0000, 0x0000, 0x0020, 0x0000, 0x0000, 0x0000, 0x0000, 0x0000, 0x0000, 0x0000, 0x0000, 0x0000,
  0x0000, 0x0000, 0x0000, 0x0000, 0x0000, 0x0000, 0x0000, 0x0000, 0x0000, 0x0000, 0x0000, 0x0000,
  0x0000, 0x0000, 0x0000, 0x0000, 0x0000, 0x0000, 0x0000, 0x0000, 0x0000, 0x0000, 0x0820, 0x0020,
  0x0000, 0x0020, 0x0000, 0x0000, 0x0000, 0x0000, 0x0000, 0x0800, 0x0800, 0x0000, 0x0000, 0x0000,
  0x0000, 0x0000, 0x0800, 0x1000, 0x0000, 0x0000, 0x0000, 0x0800, 0x1000, 0x0800, 0x0800, 0x0800,
  0x0800, 0x0800, 0x0800, 0x0800, 0x0800, 0x0800, 0x0800, 0x0800, 0x1000, 0x1000, 0x1820, 0x1820,
  0x1820, 0x2000, 0x2061, 0x20C1, 0x20A1, 0x2060, 0x2081, 0x1020, 0x0800, 0x1020, 0x1020, 0x0800,
  0x0820, 0x0000, 0x0000, 0x0000, 0x0000, 0x0000, 0x0020, 0x0000, 0x0000, 0x0000, 0x0000, 0x0000,
  0x0000, 0x0000, 0x0020, 0x0820, 0x0020, 0x0000, 0x0000, 0x0000, 0x0000, 0x0000, 0x0000, 0x0000,
  0x0000, 0x0000, 0x0000, 0x0000, 0x0000, 0x0000, 0x0000, 0x0000, 0x0000, 0x0000, 0x0000, 0x0020,
  0x0020, 0x0020, 0x0820, 0x0820, 0x0820, 0x0020, 0x0020, 0x0000, 0x0000, 0x0020, 0x0000, 0x0000,
  0x0000, 0x0000, 0x0000, 0x0000, 0x0000, 0x0000, 0x0000, 0x0000, 0x0000, 0x0000, 0x0000, 0x0000,
  0x0000, 0x0000, 0x0000, 0x0000, 0x0000, 0x0000, 0x0000, 0x0000, 0x0000, 0x0000, 0x0000, 0x0000,
  0x0000, 0x0000, 0x0000, 0x0000, 0x0000, 0x0020, 0x0000, 0x0020, 0x0820, 0x0000, 0x0000, 0x0000,
  0x0000, 0x0000, 0x0000, 0x0000, 0x0000, 0x0000, 0x0000, 0x0000, 0x0000, 0x0000, 0x0000, 0x0000,
  0x0000, 0x0000, 0x0000, 0x0800, 0x1000, 0x0800, 0x0800, 0x0800, 0x0000, 0x0800, 0x0800, 0x1000,
  0x1000, 0x1020, 0x1000, 0x0800, 0x1000, 0x1020, 0x1820, 0x1020, 0x0800, 0x1820, 0x1800, 0x1820,
  0x20A1, 0x20C1, 0x20A1, 0x2081, 0x1800, 0x1000, 0x0000, 0x0000, 0x0800, 0x0000, 0x0000, 0x0000,
  0x0000, 0x0000, 0x0000, 0x0000, 0x0000, 0x0000, 0x0000, 0x0000, 0x0020, 0x0020, 0x0020, 0x0000,
  0x0000, 0x0000, 0x0000, 0x0020, 0x0820, 0x0000, 0x0000, 0x0000, 0x0000, 0x0000, 0x0000, 0x0000,
  0x0000, 0x0000, 0x0000, 0x0000, 0x0000, 0x0000, 0x0000, 0x0000, 0x0000, 0x0000, 0x0000, 0x0000,
  0x0000, 0x0000, 0x0000, 0x0000, 0x0000, 0x0020, 0x0000, 0x0000, 0x0000, 0x0000, 0x0000, 0x0000,
  0x0000, 0x0000, 0x0000, 0x0000, 0x0000, 0x0000, 0x0000, 0x0000, 0x0000, 0x0000, 0x0000, 0x0000,
  0x0000, 0x0000, 0x0000, 0x0800, 0x0000, 0x0000, 0x0000, 0x0000, 0x0000, 0x0000, 0x0000, 0x0000,
  0x0000, 0x0000, 0x0020, 0x0000, 0x0000, 0x0000, 0x0000, 0x0000, 0x0000, 0x0000, 0x0000, 0x0000,
  0x0800, 0x0000, 0x0000, 0x0000, 0x0000, 0x0000, 0x0000, 0x0000, 0x0000, 0x0000, 0x0000, 0x0800,
  0x0800, 0x0800, 0x0800, 0x0800, 0x0800, 0x0800, 0x0800, 0x0800, 0x1000, 0x0800, 0x1020, 0x1020,
  0x1000, 0x1020, 0x1020, 0x1020, 0x0000, 0x0800, 0x1020, 0x1000, 0x1000, 0x1860, 0x20A1, 0x20E2,
  0x1881, 0x0800, 0x0000, 0x0000, 0x0000, 0x0020, 0x0000, 0x0000, 0x0000, 0x0000, 0x0000, 0x0000,
  0x0000, 0x0000, 0x0000, 0x0000, 0x0000, 0x0020, 0x0000, 0x0000, 0x0000, 0x0000, 0x0020, 0x1061,
  0x0820, 0x0000, 0x0000, 0x0000, 0x0000, 0x0000, 0x0000, 0x0000, 0x0000, 0x0000, 0x0000, 0x0000,
  0x0000, 0x0000, 0x0000, 0x0000, 0x0000, 0x0000, 0x0000, 0x0000, 0x0000, 0x0000, 0x0000, 0x0000,
  0x0000, 0x0000, 0x0000, 0x0000, 0x0000, 0x0000, 0x0000, 0x0000, 0x0000, 0x0000, 0x0000, 0x0000,
  0x0000, 0x0000, 0x0000, 0x0000, 0x0000, 0x0000, 0x0000, 0x0000, 0x0000, 0x0000, 0x0800, 0x0000,
  0x0000, 0x0000, 0x0000, 0x0000, 0x0000, 0x0000, 0x0000, 0x0000, 0x0000, 0x0000, 0x0000, 0x0000,
  0x0000, 0x0020, 0x0000, 0x0000, 0x0000, 0x0000, 0x0000, 0x0000, 0x0000, 0x0000, 0x0000, 0x0000,
  0x0000, 0x0000, 0x0000, 0x0000, 0x0000, 0x0000, 0x0000, 0x0800, 0x0800, 0x0800, 0x0800, 0x0800,
  0x0800, 0x0800, 0x0800, 0x0800, 0x1020, 0x0800, 0x0800, 0x1020, 0x1020, 0x1020, 0x1820, 0x1000,
  0x0000, 0x0800, 0x0000, 0x0800, 0x0000, 0x0800, 0x1000, 0x1860, 0x20C1, 0x1861, 0x0000, 0x0000,
  0x0000, 0x0020, 0x0000, 0x0000, 0x0000, 0x0000, 0x0000, 0x0000, 0x0000, 0x0000, 0x0000, 0x0000,
  0x0000, 0x0000, 0x0000, 0x0000, 0x0000, 0x0000, 0x0020, 0x0840, 0x0820, 0x0000, 0x0000, 0x0000,
  0x0000, 0x0000, 0x0000, 0x0000, 0x0000, 0x0000, 0x0000, 0x0000, 0x0000, 0x0000, 0x0000, 0x0000,
  0x0000, 0x0000, 0x0020, 0x0020, 0x0000, 0x0000, 0x0000, 0x0000, 0x0000, 0x0000, 0x0000, 0x0000,
  0x0000, 0x0000, 0x0000, 0x0000, 0x0000, 0x0000, 0x0000, 0x0000, 0x0000, 0x0000, 0x0000, 0x0000,
  0x0000, 0x0000, 0x0000, 0x0000, 0x0000, 0x0000, 0x0000, 0x0000, 0x0000, 0x0000, 0x0000, 0x0000,
  0x0000, 0x0000, 0x0000, 0x0000, 0x0000, 0x0000, 0x0000, 0x0000, 0x0000, 0x0000, 0x0000, 0x0020,
  0x0000, 0x0000, 0x0000, 0x0000, 0x0000, 0x0000, 0x0000, 0x0020, 0x0000, 0x0000, 0x0000, 0x0000,
  0x0000, 0x0000, 0x0000, 0x0800, 0x0800, 0x0800, 0x0800, 0x0800, 0x0000, 0x0000, 0x0800, 0x0800,
  0x0800, 0x1020, 0x0800, 0x1020, 0x1020, 0x1020, 0x1020, 0x0800, 0x0800, 0x0000, 0x0000, 0x0000,
  0x0800, 0x0800, 0x0800, 0x0800, 0x0800, 0x1020, 0x0820, 0x0000, 0x0000, 0x0000, 0x0000, 0x0000,
  0x0000, 0x0000, 0x0000, 0x0000, 0x0000, 0x0000, 0x0000, 0x0000, 0x0000, 0x0000, 0x0000, 0x0000,
  0x0000, 0x0000, 0x0000, 0x0000, 0x0820, 0x0820, 0x0000, 0x0000, 0x0000, 0x0000, 0x0000, 0x0000,
  0x0000, 0x0000, 0x0000, 0x0000, 0x0000, 0x0000, 0x0000, 0x0000, 0x0000, 0x0020, 0x0020, 0x0000,
  0x0020, 0x0020, 0x0000, 0x0020, 0x0000, 0x0000, 0x0000, 0x0000, 0x0000, 0x0000, 0x0000, 0x0000,
  0x0000, 0x0000, 0x0000, 0x0000, 0x0000, 0x0000, 0x0000, 0x0000, 0x0000, 0x0000, 0x0000, 0x0000,
  0x0800, 0x0800, 0x0000, 0x0000, 0x0000, 0x0000, 0x0000, 0x0000, 0x0000, 0x0000, 0x0000, 0x0000,
  0x0000, 0x0000, 0x0000, 0x0000, 0x0000, 0x0000, 0x0020, 0x0000, 0x0000, 0x0000, 0x0000, 0x0000,
  0x0000, 0x0000, 0x0020, 0x0020, 0x0000, 0x0000, 0x0000, 0x0000, 0x0000, 0x0000, 0x0000, 0x0800,
  0x1000, 0x0800, 0x0800, 0x0800, 0x0000, 0x0000, 0x0000, 0x0800, 0x0800, 0x0800, 0x1020, 0x0800,
  0x1020, 0x1820, 0x1020, 0x1000, 0x0800, 0x0000, 0x0000, 0x0000, 0x0000, 0x0000, 0x0000, 0x0000,
  0x0800, 0x0000, 0x0800, 0x0000, 0x0000, 0x0000, 0x0000, 0x0000, 0x0000, 0x0000, 0x0000, 0x0000,
  0x0000, 0x0000, 0x0000, 0x0000, 0x0000, 0x0000, 0x0000, 0x0000, 0x0000, 0x0000, 0x0000, 0x0000,
  0x0820, 0x0841, 0x0000, 0x0000, 0x0000, 0x0000, 0x0000, 0x0000, 0x0000, 0x0000, 0x0000, 0x0000,
  0x0000, 0x0000, 0x0000, 0x0000, 0x0000, 0x0000, 0x0000, 0x0000, 0x0000, 0x0000, 0x0000, 0x0000,
  0x0000, 0x0000, 0x0000, 0x0000, 0x0000, 0x0000, 0x0000, 0x0000, 0x0000, 0x0000, 0x0000, 0x0000,
  0x0000, 0x0000, 0x0000, 0x0000, 0x0000, 0x0000, 0x0000, 0x0000, 0x0800, 0x0800, 0x0000, 0x0000,
  0x0000, 0x0800, 0x0000, 0x0000, 0x0000, 0x0000, 0x0000, 0x0000, 0x0000, 0x0000, 0x0000, 0x0000,
  0x0000, 0x0000, 0x0000, 0x0000, 0x0000, 0x0020, 0x0000, 0x0000, 0x0841, 0x0000, 0x0000, 0x0000,
  0x0000, 0x0000, 0x0000, 0x0000, 0x0000, 0x0000, 0x0000, 0x0000, 0x1000, 0x0800, 0x0800, 0x0800,
  0x0000, 0x0800, 0x0000, 0x0800, 0x0800, 0x0800, 0x1020, 0x1020, 0x1020, 0x1820, 0x1020, 0x0800,
  0x0000, 0x0000, 0x0000, 0x0000, 0x0000, 0x0000, 0x0000, 0x0000, 0x0800, 0x0000, 0x0000, 0x0000,
  0x0000, 0x0000, 0x0000, 0x0000, 0x0000, 0x0000, 0x0000, 0x0000, 0x0000, 0x0000, 0x0000, 0x0000,
  0x0000, 0x0000, 0x0000, 0x0000, 0x0000, 0x0000, 0x0000, 0x0000, 0x0000, 0x0020, 0x0820, 0x0000,
  0x0000, 0x0000, 0x0000, 0x0000, 0x0000, 0x0000, 0x0000, 0x0000, 0x0000, 0x0000, 0x0000, 0x0000,
  0x0000, 0x0000, 0x0000, 0x0000, 0x0000, 0x0000, 0x0000, 0x0000, 0x0000, 0x0000, 0x0000, 0x0000,
  0x0000, 0x0000, 0x0000, 0x0000, 0x0000, 0x0000, 0x0000, 0x0000, 0x0000, 0x0000, 0x0000, 0x0000,
  0x0000, 0x0000, 0x0000, 0x0000, 0x0800, 0x0000, 0x0000, 0x0000, 0x0000, 0x1020, 0x0800, 0x0000,
  0x0000, 0x0000, 0x0000, 0x0000, 0x0000, 0x0000, 0x0000, 0x0000, 0x0000, 0x0000, 0x0000, 0x0000,
  0x0020, 0x0820, 0x0000, 0x0000, 0x0000, 0x0000, 0x0000, 0x0000, 0x0000, 0x0000, 0x0000, 0x0000,
  0x0000, 0x0000, 0x0000, 0x0000, 0x0800, 0x0800, 0x0000, 0x0800, 0x0800, 0x0000, 0x0000, 0x0800,
  0x0800, 0x0800, 0x1020, 0x0820, 0x0800, 0x1020, 0x1000, 0x0000, 0x0000, 0x0000, 0x0000, 0x0000,
  0x0000, 0x0000, 0x0000, 0x0000, 0x0000, 0x0000, 0x0000, 0x0000, 0x0000, 0x0000, 0x0000, 0x0000,
  0x0000, 0x0000, 0x0000, 0x0000, 0x0000, 0x0000, 0x0000, 0x0000, 0x0000, 0x0000, 0x0000, 0x0000,
  0x0000, 0x0000, 0x0000, 0x0000, 0x0000, 0x0000, 0x0820, 0x0020, 0x0000, 0x0000, 0x0000, 0x0000,
  0x0000, 0x0000, 0x0000, 0x0000, 0x0000, 0x0000, 0x0000, 0x0000, 0x0000, 0x0020, 0x0000, 0x0020,
  0x0000, 0x0000, 0x0000, 0x0000, 0x0000, 0x0000, 0x0000, 0x0000, 0x0000, 0x0000, 0x0000, 0x0000,
  0x0000, 0x0000, 0x0000, 0x0000, 0x0000, 0x0000, 0x0000, 0x0000, 0x0000, 0x0000, 0x0000, 0x0000,
  0x0000, 0x0000, 0x0000, 0x0000, 0x0000, 0x1840, 0x2060, 0x0000, 0x0800, 0x0800, 0x0000, 0x0000,
  0x0000, 0x0000, 0x0000, 0x0000, 0x0000, 0x0000, 0x0820, 0x0020, 0x0820, 0x0020, 0x0000, 0x0000,
  0x0000, 0x0020, 0x0020, 0x0020, 0x0000, 0x0020, 0x0000, 0x0000, 0x0000, 0x0000, 0x0000, 0x0000,
  0x0000, 0x0000, 0x0800, 0x0800, 0x0000, 0x0800, 0x0800, 0x0800, 0x0800, 0x0800, 0x1020, 0x0820,
  0x0000, 0x0800, 0x0000, 0x0000, 0x0000, 0x0000, 0x0000, 0x0000, 0x0000, 0x0000, 0x0000, 0x0000,
  0x0000, 0x0000, 0x0000, 0x0000, 0x0000, 0x0000, 0x0000, 0x0000, 0x0000, 0x0000, 0x0000, 0x0000,
  0x0000, 0x0000, 0x0000, 0x0000, 0x0000, 0x0000, 0x0000, 0x0000, 0x0000, 0x0000, 0x0000, 0x0000,
  0x0000, 0x0000, 0x0820, 0x0820, 0x0000, 0x0000, 0x0000, 0x0000, 0x0000, 0x0000, 0x0000, 0x0000,
  0x0000, 0x0000, 0x0000, 0x0000, 0x0000, 0x0000, 0x0000, 0x0000, 0x0020, 0x0000, 0x0000, 0x0000,
  0x0000, 0x0000, 0x0000, 0x0000, 0x0000, 0x0000, 0x0000, 0x0000, 0x0000, 0x0000, 0x0000, 0x0000,
  0x0000, 0x0000, 0x0000, 0x0000, 0x0000, 0x0000, 0x0000, 0x0000, 0x0000, 0x0000, 0x0000, 0x0000,
  0x0000, 0x1840, 0x2081, 0x0800, 0x0800, 0x1020, 0x0800, 0x0000, 0x0000, 0x0000, 0x0000, 0x0000,
  0x0000, 0x0000, 0x0020, 0x0000, 0x0000, 0x0020, 0x0000, 0x0000, 0x0000, 0x0000, 0x0000, 0x0820,
  0x0000, 0x0000, 0x0000, 0x0000, 0x0000, 0x0000, 0x0000, 0x0000, 0x0000, 0x0000, 0x0800, 0x0800,
  0x0800, 0x0800, 0x0800, 0x0800, 0x0800, 0x0800, 0x0820, 0x1020, 0x0800, 0x0000, 0x0000, 0x0000,
  0x0000, 0x0000, 0x0000, 0x0000, 0x0000, 0x0000, 0x0000, 0x0000, 0x0000, 0x0000, 0x0000, 0x0000,
  0x0000, 0x0000, 0x0000, 0x0000, 0x0000, 0x0000, 0x0000, 0x0000, 0x0000, 0x0000, 0x0000, 0x0000,
  0x1020, 0x0000, 0x0000, 0x0000, 0x0000, 0x0000, 0x0000, 0x0000, 0x0000, 0x0000, 0x0000, 0x0020,
  0x0820, 0x0000, 0x0000, 0x0000, 0x0000, 0x0000, 0x0000, 0x0000, 0x0000, 0x0000, 0x0000, 0x0000,
  0x0000, 0x0000, 0x0000, 0x0000, 0x0000, 0x0000, 0x0000, 0x0000, 0x0000, 0x0000, 0x0000, 0x0000,
  0x0000, 0x0000, 0x0000, 0x0000, 0x0000, 0x0000, 0x0000, 0x0000, 0x0000, 0x0000, 0x0000, 0x0000,
  0x0000, 0x0000, 0x0000, 0x0000, 0x0000, 0x0000, 0x0000, 0x0000, 0x0000, 0x0800, 0x1820, 0x1020,
  0x1000, 0x0800, 0x0000, 0x0000, 0x0000, 0x0000, 0x0000, 0x0000, 0x0000, 0x0000, 0x0020, 0x0820,
  0x0000, 0x0020, 0x0000, 0x0000, 0x0020, 0x0000, 0x0020, 0x0000, 0x0000, 0x0000, 0x0000, 0x0000,
  0x0000, 0x0000, 0x0000, 0x0000, 0x0000, 0x0800, 0x1000, 0x0800, 0x0000, 0x0000, 0x0000, 0x0000,
  0x0000, 0x0000, 0x0000, 0x0000, 0x0000, 0x0000, 0x0000, 0x0000, 0x0000, 0x0000, 0x0000, 0x0000,
  0x0000, 0x0000, 0x0000, 0x0000, 0x0000, 0x0000, 0x0000, 0x0000, 0x0000, 0x0000, 0x0000, 0x0000,
  0x0000, 0x0000, 0x0000, 0x0000, 0x0000, 0x0000, 0x0000, 0x0000, 0x0000, 0x0000, 0x0000, 0x0000,
  0x0000, 0x0000, 0x0000, 0x0000, 0x0000, 0x0000, 0x0000, 0x0000, 0x0000, 0x0000, 0x0000, 0x0000,
  0x0000, 0x0000, 0x0000, 0x0000, 0x0000, 0x0000, 0x0000, 0x0000, 0x0000, 0x0000, 0x0000, 0x0000,
  0x0000, 0x0000, 0x0000, 0x0000, 0x0000, 0x0000, 0x0000, 0x0000, 0x0000, 0x0000, 0x0000, 0x0000,
  0x0000, 0x0000, 0x0000, 0x0000, 0x0000, 0x0000, 0x0000, 0x0000, 0x0000, 0x0000, 0x0000, 0x0000,
  0x0000, 0x0000, 0x0000, 0x0000, 0x0000, 0x0000, 0x0000, 0x0000, 0x0000, 0x0000, 0x0000, 0x0000,
  0x0000, 0x0000, 0x0000, 0x0000, 0x0000, 0x0000, 0x0000, 0x0000, 0x0000, 0x0000, 0x0000, 0x0000,
  0x0000, 0x0000, 0x0000, 0x0000, 0x0000, 0x0000, 0x0000, 0x0000, 0x0000, 0x0000, 0x0000, 0x0000,
  0x0000, 0x0000, 0x0000, 0x0000, 0x0000, 0x0000, 0x0000, 0x0000, 0x0000, 0x0000, 0x0000, 0x0000,
  0x0000, 0x0000, 0x0000, 0x0000, 0x0000, 0x0000, 0x0000, 0x0000, 0x0000, 0x0000, 0x0000, 0x0000,
  0x0000, 0x0000, 0x0000, 0x0000, 0x0000, 0x0000, 0x0000, 0x0000, 0x0000, 0x0000, 0x0000, 0x0000,
  0x0000, 0x0000, 0x0000, 0x0000, 0x0000, 0x0000, 0x0000, 0x0000, 0x0000, 0x0000, 0x0000, 0x0000,
  0x0000, 0x0000, 0x0000, 0x0000, 0x0000, 0x0000, 0x0000, 0x0000, 0x0000, 0x0000, 0x0000, 0x0000,
  0x0000, 0x0000, 0x0000, 0x0000, 0x0000, 0x0000, 0x0000, 0x0000, 0x0000, 0x0000, 0x0000, 0x0000,
  0x0000, 0x0000, 0x0000, 0x0000, 0x0000, 0x0000, 0x0000, 0x0000, 0x0000, 0x0000, 0x0000, 0x0000,
  0x0000, 0x0000, 0x0000, 0x0000, 0x0000, 0x0000, 0x0000, 0x0000, 0x0000, 0x0000, 0x0000, 0x0000,
  0x0000, 0x0000, 0x0000, 0x0000, 0x0000, 0x0000, 0x0000, 0x0000, 0x0000, 0x0000, 0x0000, 0x0000,
  0x0000, 0x0000, 0x0000, 0x0000, 0x0000, 0x0000, 0x0000, 0x0000, 0x0000, 0x0000, 0x0000, 0x0000,
  0x0000, 0x0000, 0x0000, 0x0000, 0x0000, 0x0000, 0x0000, 0x0000, 0x0000, 0x0000, 0x0000, 0x0000,
  0x0000, 0x0000, 0x0000, 0x0000, 0x0000, 0x0000, 0x0000, 0x0000, 0x0000, 0x0000, 0x0000, 0x0000,
  0x0000, 0x0000, 0x0000, 0x0000, 0x0000, 0x0000, 0x0000, 0x0000, 0x0000, 0x0000, 0x0000, 0x0000,
  0x0000, 0x0000, 0x0000, 0x0000, 0x0000, 0x0000, 0x0000, 0x0000, 0x0000, 0x0000, 0x0000, 0x0000,
  0x0000, 0x0000, 0x0000, 0x0000, 0x0000, 0x0000, 0x0000, 0x0000, 0x0000, 0x0000, 0x0000, 0x0000,
  0x0000, 0x0000, 0x0000, 0x0000, 0x0000, 0x0000, 0x0000, 0x0000, 0x0000, 0x0000, 0x0000, 0x0000,
  0x0000, 0x0000, 0x0000, 0x0000, 0x0000, 0x0000, 0x0000, 0x0000, 0x0000, 0x0000, 0x0000, 0x0000,
  0x0000, 0x0000, 0x0000, 0x0000, 0x0000, 0x0000, 0x0000, 0x0000, 0x0000, 0x0000, 0x0000, 0x0000,
  0x0000, 0x0000, 0x0000, 0x0000, 0x0000, 0x0000, 0x0000, 0x0000, 0x0000, 0x0000, 0x0000, 0x0000,
  0x0000, 0x0000, 0x0000, 0x0000, 0x0000, 0x0000, 0x0000, 0x0000, 0x0000, 0x0000, 0x0000, 0x0000,
  0x0000, 0x0000, 0x0000, 0x0000, 0x0000, 0x0000, 0x0000, 0x0000, 0x0000, 0x0000, 0x0000, 0x0000,
  0x0000, 0x0000, 0x0000, 0x0000, 0x0000, 0x0000, 0x0000, 0x0000, 0x0000, 0x0000, 0x0000, 0x0000,
  0x0000, 0x0000, 0x0000, 0x0000, 0x0000, 0x0000, 0x0000, 0x0000, 0x0000, 0x0000, 0x0000, 0x0000,
  0x0000, 0x0000, 0x0000, 0x0000, 0x0000, 0x0000, 0x0000, 0x0000, 0x0000, 0x0000, 0x0000, 0x0000,
  0x0000, 0x0000, 0x0000, 0x0000, 0x0000, 0x0000, 0x0000, 0x0000, 0x0000, 0x0000, 0x0000, 0x0000,
  0x0000, 0x0000, 0x0000, 0x0000, 0x0000, 0x0000, 0x0000, 0x0000, 0x0000, 0x0000, 0x0000, 0x0000,
  0x0000, 0x0000, 0x0000, 0x0000, 0x0000, 0x0000, 0x0000, 0x0000, 0x0000, 0x0000, 0x0000, 0x0000,
  0x0000, 0x0000, 0x0000, 0x0000, 0x0000, 0x0000, 0x0000, 0x0000, 0x0000, 0x0000, 0x0000, 0x0000,
  0x0000, 0x0000, 0x0000, 0x0000, 0x0000, 0x0000, 0x0000, 0x0000, 0x0000, 0x0000, 0x0000, 0x0000,
  0x0000, 0x0000, 0x0000, 0x0000, 0x0000, 0x0000, 0x0000, 0x0000, 0x0000, 0x0000, 0x0000, 0x0000,
  0x0000, 0x0000, 0x0000, 0x0000, 0x0000, 0x0000, 0x0000, 0x0000, 0x0000, 0x0000, 0x0000, 0x0000,
  0x0000, 0x0000, 0x0000, 0x0000, 0x0000, 0x0000, 0x0000, 0x0000, 0x0000, 0x0000, 0x0000, 0x0000,
  0x0000, 0x0000, 0x0000, 0x0000, 0x0000, 0x0000, 0x0000, 0x0000, 0x0000, 0x0000, 0x0000, 0x0000,
  0x0000, 0x0000, 0x0000, 0x0000, 0x0000, 0x0000, 0x0000, 0x0000, 0x0000, 0x0000, 0x0000, 0x0000,
  0x0000, 0x0000, 0x0000, 0x0000, 0x0000, 0x0000, 0x0000, 0x0000, 0x0000, 0x0000, 0x0000, 0x0000,
  0x0000, 0x0000, 0x0000, 0x0000, 0x0000, 0x0000, 0x0000, 0x0000, 0x0000, 0x0000, 0x0000, 0x0000,
  0x0000, 0x0000, 0x0000, 0x0000, 0x0000, 0x0000, 0x0000, 0x0000, 0x0000, 0x0000, 0x0000, 0x0000,
  0x0000, 0x0000, 0x0000, 0x0000, 0x0000, 0x0000, 0x0000, 0x0000, 0x0000, 0x0000, 0x0000, 0x0000,
  0x0000, 0x0000, 0x0000, 0x0000, 0x0000, 0x0000, 0x0000, 0x0000, 0x0000, 0x0000, 0x0000, 0x0000,
  0x0000, 0x0000, 0x0000, 0x0000, 0x0000, 0x0000, 0x0000, 0x0000, 0x0000, 0x0000, 0x0000, 0x0000,
  0x0000, 0x0000, 0x0000, 0x0000, 0x0000, 0x0000, 0x0000, 0x0000, 0x0000, 0x0000, 0x0000, 0x0000,
  0x0000, 0x0000, 0x0000, 0x0000, 0x0000, 0x0000, 0x0000, 0x0000, 0x0000, 0x0000, 0x0000, 0x0000,
  0x0000, 0x0000, 0x0000, 0x0000, 0x0000, 0x0000, 0x0000, 0x0000, 0x0000, 0x0000, 0x0000, 0x0000,
  0x0000, 0x0000, 0x0000, 0x0000, 0x0000, 0x0000, 0x0000, 0x0000, 0x0000, 0x0000, 0x0000, 0x0000,
  0x0000, 0x0000, 0x0000, 0x0000, 0x0000, 0x0000, 0x0000, 0x0000, 0x0000, 0x0000, 0x0000, 0x0000,
  0x0000, 0x0000, 0x0000, 0x0000, 0x0000, 0x0000, 0x0000, 0x0000, 0x0000, 0x0000, 0x0000, 0x0000,
  0x0000, 0x0000, 0x0000, 0x0000, 0x0000, 0x0000, 0x0000, 0x0000, 0x0000, 0x0000, 0x0000, 0x0000,
  0x0000, 0x0000, 0x0000, 0x0000, 0x0000, 0x0000, 0x0000, 0x0000, 0x0000, 0x0000, 0x0000, 0x0000,
  0x0000, 0x0000, 0x0000, 0x0000, 0x0000, 0x0000, 0x0000, 0x0000, 0x0000, 0x0000, 0x0000, 0x0000,
  0x0000, 0x0000, 0x0000, 0x0000, 0x0000, 0x0000, 0x0000, 0x0000, 0x0000, 0x0000, 0x0000, 0x0000,
  0x0000, 0x0000, 0x0000, 0x0000, 0x0000, 0x0000, 0x0000, 0x0000, 0x0000, 0x0000, 0x0000, 0x0000,
  0x0000, 0x0000, 0x0000, 0x0000, 0x0000, 0x0000, 0x0000, 0x0000, 0x0000, 0x0000, 0x0000, 0x0000,
  0x0000, 0x0000, 0x0000, 0x0000, 0x0000, 0x0000, 0x0000, 0x0000, 0x0000, 0x0000, 0x0000, 0x0000,
  0x0000, 0x0000, 0x0000, 0x0000, 0x0000, 0x0000, 0x0000, 0x0000, 0x0000, 0x0000, 0x0000, 0x0000,
  0x0000, 0x0000, 0x0000, 0x0000, 0x0000, 0x0000, 0x0000, 0x0000, 0x0000, 0x0000, 0x0000, 0x0000,
  0x0000, 0x0000, 0x0000, 0x0000, 0x0000, 0x0000, 0x0000, 0x0000, 0x0000, 0x0000, 0x0000, 0x0000,
  0x0000, 0x0000, 0x0000, 0x0000, 0x0000, 0x0000, 0x0000, 0x0000, 0x0000, 0x0000, 0x0000, 0x0000,
  0x0000, 0x0000, 0x0000, 0x0000, 0x0000, 0x0000, 0x0000, 0x0000, 0x0000, 0x0000, 0x0000, 0x0000,
  0x0000, 0x0000, 0x0000, 0x0000, 0x0000, 0x0000, 0x0000, 0x0000, 0x0000, 0x0000, 0x0000, 0x0000,
  0x0000, 0x0000, 0x0000, 0x0000, 0x0000, 0x0000, 0x0000, 0x0000, 0x0000, 0x0000, 0x0000, 0x0000,
  0x0000, 0x0000, 0x0000, 0x0000, 0x0000, 0x0000, 0x0000, 0x0000, 0x0000, 0x0000, 0x0000, 0x0000,
  0x0000, 0x0000, 0x0000, 0x0000, 0x0000, 0x0000, 0x0000, 0x0000, 0x0000, 0x0000, 0x0000, 0x0000,
  0x0000, 0x0000, 0x0000, 0x0000, 0x0000, 0x0000, 0x0000, 0x0000, 0x0000, 0x0000, 0x0000, 0x0000,
  0x0000, 0x0000, 0x0000, 0x0000, 0x0000, 0x0000, 0x0000, 0x0000, 0x0000, 0x0000, 0x0000, 0x0000,
  0x0000, 0x0000, 0x0000, 0x0000, 0x0000, 0x0000, 0x0000, 0x0000, 0x0000, 0x0000, 0x0000, 0x0000,
  0x0000, 0x0000, 0x0000, 0x0000, 0x0000, 0x0000, 0x0000, 0x0000, 0x0000, 0x0000, 0x0000, 0x0000,
  0x0000, 0x0000, 0x0000, 0x0000, 0x0000, 0x0000, 0x0000, 0x0000, 0x0000, 0x0000, 0x0000, 0x0000,
  0x0000, 0x0000, 0x0000, 0x0000, 0x0000, 0x0000, 0x0000, 0x0000, 0x0000, 0x0000, 0x0000, 0x0000,
  0x0000, 0x0000, 0x0000, 0x0000, 0x0000, 0x0000, 0x0000, 0x0000, 0x0000, 0x0000, 0x0000, 0x0000,
  0x0000, 0x0000, 0x0000, 0x0000, 0x0000, 0x0000, 0x0000, 0x0000, 0x0000, 0x0000, 0x0000, 0x0000,
  0x0000, 0x0000, 0x0000, 0x0000, 0x0000, 0x0000, 0x0000, 0x0000, 0x0000, 0x0000, 0x0000, 0x0000,
  0x0000, 0x0000, 0x0000, 0x0000, 0x0000, 0x0000, 0x0000, 0x0000, 0x0000, 0x0000, 0x0000, 0x0000,
  0x0000, 0x0000, 0x0000, 0x0000, 0x0000, 0x0000, 0x0000, 0x0000, 0x0000, 0x0000, 0x0000, 0x0000,
  0x0000, 0x0000, 0x0000, 0x0000, 0x0000, 0x0000, 0x0000, 0x0000, 0x0000, 0x0000, 0x0000, 0x0000,
  0x0000, 0x0000, 0x0000, 0x0000, 0x0000, 0x0000, 0x0000, 0x0000, 0x0000, 0x0000, 0x0000, 0x0000,
  0x0000, 0x0000, 0x0000, 0x0000, 0x0000, 0x0000, 0x0000, 0x0000, 0x0000, 0x0000, 0x0000, 0x0000,
  0x0000, 0x0000, 0x0000, 0x0000, 0x0000, 0x0000, 0x0000, 0x0000, 0x0000, 0x0000, 0x0000, 0x0000,
  0x0000, 0x0000, 0x0000, 0x0000, 0x0000, 0x0000, 0x0000, 0x0000, 0x0000, 0x0000, 0x0000, 0x0000,
  0x0000, 0x0000, 0x0000, 0x0000, 0x0000, 0x0000, 0x0000, 0x0000, 0x0000, 0x0000, 0x0000, 0x0000,
  0x0000, 0x0000, 0x0000, 0x0000, 0x0000, 0x0000, 0x0000, 0x0000, 0x0000, 0x0000, 0x0000, 0x0000,
  0x0000, 0x0000, 0x0000, 0x0000, 0x0000, 0x0000, 0x0000, 0x0000, 0x0000, 0x0000, 0x0000, 0x0000,
  0x0000, 0x0000, 0x0000, 0x0000, 0x0000, 0x0000, 0x0000, 0x0000, 0x0000, 0x0000, 0x0000, 0x0000,
  0x0000, 0x0000, 0x0000, 0x0000, 0x0000, 0x0000, 0x0000, 0x0000, 0x0000, 0x0000, 0x0000, 0x0000,
  0x0000, 0x0000, 0x0000, 0x0000, 0x0000, 0x0000, 0x0000, 0x0000, 0x0000, 0x0000, 0x0000, 0x0000,
  0x0000, 0x0000, 0x0000, 0x0000, 0x0000, 0x0000, 0x0000, 0x0000, 0x0000, 0x0000, 0x0000, 0x0000,
  0x0000, 0x0000, 0x0000, 0x0000, 0x0000, 0x0000, 0x0000, 0x0000, 0x0000, 0x0000, 0x0000, 0x0000,
  0x0000, 0x0000, 0x0000, 0x0000, 0x0000, 0x0000, 0x0000, 0x0000, 0x0000, 0x0000, 0x0000, 0x0000,
  0x0000, 0x0000, 0x0000, 0x0000, 0x0000, 0x0000, 0x0000, 0x0000, 0x0000, 0x0000, 0x0000, 0x0000,
  0x0000, 0x0000, 0x0000, 0x0000, 0x0000, 0x0000, 0x0000, 0x0000, 0x0000, 0x0000, 0x0000, 0x0000,
  0x0000, 0x0000, 0x0000, 0x0000, 0x0000, 0x0000, 0x0000, 0x0000, 0x0000, 0x0000, 0x0000, 0x0000,
  0x0000, 0x0000, 0x0000, 0x0000, 0x0000, 0x0000, 0x0000, 0x0000, 0x0000, 0x0000, 0x0000, 0x0000,
  0x0000, 0x0000, 0x0000, 0x0000, 0x0000, 0x0000, 0x0000, 0x0000, 0x0000, 0x0000, 0x0000, 0x0000,
  0x0000, 0x0000, 0x0000, 0x0000, 0x0000, 0x0000, 0x0000, 0x0000, 0x0000, 0x0000, 0x0000, 0x0000,
  0x0000, 0x0000, 0x0000, 0x0000, 0x0000, 0x0000, 0x0000, 0x0000, 0x0000, 0x0000, 0x0000, 0x0000,
  0x0000, 0x0000, 0x0000, 0x0000, 0x0000, 0x0000, 0x0000, 0x0000, 0x0000, 0x0000, 0x0000, 0x0000,
  0x0000, 0x0000, 0x0000, 0x0000, 0x0000, 0x0000, 0x0000, 0x0000, 0x0000, 0x0000, 0x0000, 0x0000,
  0x0000, 0x0000, 0x0000, 0x0000, 0x0000, 0x0000, 0x0000, 0x0000, 0x0000, 0x0000, 0x0000, 0x0000,
  0x0000, 0x0000, 0x0000, 0x0000, 0x0000, 0x0000, 0x0000, 0x0000, 0x0000, 0x0000, 0x0000, 0x0000,
  0x0000, 0x0000, 0x0000, 0x0000, 0x0000, 0x0000, 0x0000, 0x0000, 0x0000, 0x0000, 0x0000, 0x0000,
  0x0000, 0x0000, 0x0000, 0x0000, 0x0000, 0x0000, 0x0000, 0x0000, 0x0000, 0x0000, 0x0000, 0x0000,
  0x0000, 0x0000, 0x0000, 0x0000, 0x0000, 0x0000, 0x0000, 0x0000, 0x0000, 0x0000, 0x0000, 0x0000,
  0x0000, 0x0000, 0x0000, 0x0000, 0x0000, 0x0000, 0x0000, 0x0000, 0x0000, 0x0000, 0x0000, 0x0000,
  0x0000, 0x0000, 0x0000, 0x0000, 0x0000, 0x0000, 0x0000, 0x0000, 0x0000, 0x0000, 0x0000, 0x0000,
  0x0000, 0x0000, 0x0000, 0x0000, 0x0000, 0x0000, 0x0000, 0x0000, 0x0000, 0x0000, 0x0000, 0x0000,
  0x0000, 0x0000, 0x0000, 0x0000, 0x0000, 0x0000, 0x0000, 0x0000, 0x0000, 0x0000, 0x0000, 0x0000,
  0x0000, 0x0000, 0x0000, 0x0000, 0x0000, 0x0000, 0x0000, 0x0000, 0x0000, 0x0000, 0x0000, 0x0000,
  0x0000, 0x0000, 0x0000, 0x0000, 0x0000, 0x0000, 0x0000, 0x0000, 0x0000, 0x0000, 0x0000, 0x0000,
  0x0000, 0x0000, 0x0000, 0x0000, 0x0000, 0x0000, 0x0000, 0x0000, 0x0000, 0x0000, 0x0000, 0x0000,
  0x0000, 0x0000, 0x0000, 0x0000, 0x0000, 0x0000, 0x0000, 0x0000, 0x0000, 0x0000, 0x0000, 0x0000,
  0x0000, 0x0000, 0x0000, 0x0000, 0x0000, 0x0000, 0x0000, 0x0000, 0x0000, 0x0000, 0x0000, 0x0000,
  0x0000, 0x0000, 0x0000, 0x0000, 0x0000, 0x0000, 0x0000, 0x0000, 0x0000, 0x0000, 0x0000, 0x0000,
  0x0000, 0x0000, 0x0000, 0x0000, 0x0000, 0x0000, 0x0000, 0x0000, 0x0000, 0x0000, 0x0000, 0x0000,
  0x0000, 0x0000, 0x0000, 0x0000, 0x0000, 0x0000, 0x0000, 0x0000, 0x0000, 0x0000, 0x0000, 0x0000,
  0x0000, 0x0000, 0x0000, 0x0000, 0x0000, 0x0000, 0x0000, 0x0000, 0x0000, 0x0000, 0x0000, 0x0000,
  0x0000, 0x0000, 0x0000, 0x0000, 0x0000, 0x0000, 0x0000, 0x0000, 0x0000, 0x0000, 0x0000, 0x0000,
  0x0000, 0x0000, 0x0000, 0x0000, 0x0000, 0x0000, 0x0000, 0x0000, 0x0000, 0x0000, 0x0000, 0x0000,
  0x0000, 0x0000, 0x0000, 0x0000, 0x0000, 0x0000, 0x0000, 0x0000, 0x0000, 0x0000, 0x0000, 0x0000,
  0x0000, 0x0000, 0x0000, 0x0000, 0x0000, 0x0000, 0x0000, 0x0000, 0x0000, 0x0000, 0x0000, 0x0000,
  0x0000, 0x0000, 0x0000, 0x0000, 0x0000, 0x0000, 0x0000, 0x0000, 0x0000, 0x0000, 0x0000, 0x0000,
  0x0000, 0x0000, 0x0000, 0x0000, 0x0000, 0x0000, 0x0000, 0x0000, 0x0000, 0x0000, 0x0000, 0x0000,
  0x0000, 0x0000, 0x0000, 0x0000, 0x0000, 0x0000, 0x0000, 0x0000, 0x0000, 0x0000, 0x0000, 0x0000,
  0x0000, 0x0000, 0x0000, 0x0000, 0x0000, 0x0000, 0x0000, 0x0000, 0x0000, 0x0000, 0x0000, 0x0000,
  0x0000, 0x0000, 0x0000, 0x0000, 0x0000, 0x0000, 0x0000, 0x0000, 0x0000, 0x0000, 0x0000, 0x0000,
  0x0000, 0x0000, 0x0000, 0x0000, 0x0000, 0x0000, 0x0000, 0x0000, 0x0000, 0x0000, 0x0000, 0x0000,
  0x0000, 0x0000, 0x0000, 0x0000, 0x0000, 0x0000, 0x0000, 0x0000, 0x0000, 0x0000, 0x0000, 0x0000,
  0x0000, 0x0000, 0x0000, 0x0000, 0x0000, 0x0000, 0x0000, 0x0000, 0x0000, 0x0000, 0x0000, 0x0000,
  0x0000, 0x0000, 0x0000, 0x0000, 0x0000, 0x0000, 0x0000, 0x0000, 0x0000, 0x0000, 0x0000, 0x0000,
  0x0000, 0x0000, 0x0000, 0x0000, 0x0000, 0x0000, 0x0000, 0x0000, 0x0000, 0x0000, 0x0000, 0x0000,
  0x0000, 0x0000, 0x0000, 0x0000, 0x0000, 0x0000, 0x0000, 0x0000, 0x0000, 0x0000, 0x0000, 0x0000,
  0x0000, 0x0000, 0x0000, 0x0000, 0x0000, 0x0000, 0x0000, 0x0000, 0x0000, 0x0000, 0x0000, 0x0000,
  0x0000, 0x0000, 0x0000, 0x0000, 0x0000, 0x0000, 0x0000, 0x0000, 0x0000, 0x0000, 0x0000, 0x0000,
  0x0000, 0x0000, 0x0000, 0x0000, 0x0000, 0x0000, 0x0000, 0x0000, 0x0000, 0x0000, 0x0000, 0x0000,
  0x0000, 0x0000, 0x0000, 0x0000, 0x0000, 0x0000, 0x0000, 0x0000, 0x0000, 0x0000, 0x0000, 0x0000,
  0x0000, 0x0000, 0x0000, 0x0000, 0x0000, 0x0000, 0x0000, 0x0000, 0x0000, 0x0000, 0x0000, 0x0000,
  0x0000, 0x0000, 0x0000, 0x0000, 0x0000, 0x0000, 0x0000, 0x0000, 0x0000, 0x0000, 0x0000, 0x0000,
  0x0000, 0x0000, 0x0000, 0x0000, 0x0000, 0x0000, 0x0000, 0x0000, 0x0000, 0x0000, 0x0000, 0x0000,
  0x0000, 0x0000, 0x0000, 0x0000, 0x0000, 0x0000, 0x0000, 0x0000, 0x0000, 0x0000, 0x0000, 0x0000,
  0x0000, 0x0000, 0x0000, 0x0000, 0x0000, 0x0000, 0x0000, 0x0000, 0x0000, 0x0000, 0x0000, 0x0000,
  0x0000, 0x0000, 0x0000, 0x0000, 0x0000, 0x0000, 0x0000, 0x0000, 0x0000, 0x0000, 0x0000, 0x0000,
  0x0000, 0x0000, 0x0000, 0x0000, 0x0000, 0x0000, 0x0000, 0x0000, 0x0000, 0x0000, 0x0000, 0x0000,
  0x0000, 0x0000, 0x0000, 0x0000, 0x0000, 0x0000, 0x0000, 0x0000, 0x0000, 0x0000, 0x0000, 0x0000,
  0x0000, 0x0000, 0x0000, 0x0000, 0x0000, 0x0000, 0x0000, 0x0000, 0x0000, 0x0000, 0x0000, 0x0000,
  0x0000, 0x0000, 0x0000, 0x0000, 0x0000, 0x0000, 0x0000, 0x0000, 0x0000, 0x0000, 0x0000, 0x0000,
  0x0000, 0x0000, 0x0000, 0x0000, 0x0000, 0x0000, 0x0000, 0x0000, 0x0000, 0x0000, 0x0000, 0x0000,
  0x0000, 0x0000, 0x0000, 0x0000, 0x0000, 0x0000, 0x0000, 0x0000, 0x0000, 0x0000, 0x0000, 0x0000,
  0x0000, 0x0000, 0x0000, 0x0000, 0x0000, 0x0000, 0x0000, 0x0000, 0x0000, 0x0000, 0x0000, 0x0000,
  0x0000, 0x0000, 0x0000, 0x0000, 0x0000, 0x0000, 0x0000, 0x0000, 0x0000, 0x0000, 0x0000, 0x0000,
  0x0000, 0x0000, 0x0000, 0x0000, 0x0000, 0x0000, 0x0000, 0x0000, 0x0000, 0x0000, 0x0000, 0x0000,
  0x0000, 0x0000, 0x0000, 0x0000, 0x0000, 0x0000, 0x0000, 0x0000, 0x0000, 0x0000, 0x0000, 0x0000,
  0x0000, 0x0000, 0x0000, 0x0000, 0x0000, 0x0000, 0x0000, 0x0000, 0x0000, 0x0000, 0x0000, 0x0000,
  0x0000, 0x0000, 0x0000, 0x0000, 0x0000, 0x0000, 0x0000, 0x0000, 0x0000, 0x0000, 0x0000, 0x0000,
  0x0000, 0x0000, 0x0000, 0x0000, 0x0000, 0x0000, 0x0000, 0x0000, 0x0000, 0x0000, 0x0000, 0x0000,
  0x0000, 0x0000, 0x0000, 0x0000, 0x0000, 0x0000, 0x0000, 0x0000, 0x0000, 0x0000, 0x0000, 0x0000,
  0x0000, 0x0000, 0x0000, 0x0000, 0x0000, 0x0000, 0x0000, 0x0000, 0x0000, 0x0000, 0x0000, 0x0000,
  0x0000, 0x0000, 0x0000, 0x0000, 0x0000, 0x0000, 0x0000, 0x0000, 0x0000, 0x0000, 0x0000, 0x0000,
  0x0000, 0x0000, 0x0000, 0x0000, 0x0000, 0x0000, 0x0000, 0x0000, 0x0000, 0x0000, 0x0000, 0x0000,
  0x0000, 0x0000, 0x0000, 0x0000, 0x0000, 0x0000, 0x0000, 0x0000, 0x0000, 0x0000, 0x0000, 0x0000,
  0x0000, 0x0000, 0x0000, 0x0000, 0x0000, 0x0000, 0x0000, 0x0000, 0x0000, 0x0000, 0x0000, 0x0000,
  0x0000, 0x0000, 0x0000, 0x0000, 0x0000, 0x0000, 0x0000, 0x0000, 0x0000, 0x0000, 0x0000, 0x0000,
  0x0000, 0x0000, 0x0000, 0x0000, 0x0000, 0x0000, 0x0000, 0x0000, 0x0000, 0x0000, 0x0000, 0x0000,
  0x0000, 0x0000, 0x0000, 0x0000, 0x0000, 0x0000, 0x0000, 0x0000, 0x0000, 0x0000, 0x0000, 0x0000,
  0x0000, 0x0000, 0x0000, 0x0000, 0x0000, 0x0000, 0x0000, 0x0000, 0x0000, 0x0000, 0x0000, 0x0000,
  0x0000, 0x0000, 0x0000, 0x0000, 0x0000, 0x0000, 0x0000, 0x0000, 0x0000, 0x0000, 0x0000, 0x0000,
  0x0000, 0x0000, 0x0000, 0x0000, 0x0000, 0x0000, 0x0000, 0x0000, 0x0000, 0x0000, 0x0000, 0x0000,
  0x0000, 0x0000, 0x0000, 0x0000, 0x0000, 0x0000, 0x0000, 0x0000, 0x0000, 0x0000, 0x0000, 0x0000,
  0x0000, 0x0000, 0x0000, 0x0000, 0x0000, 0x0000, 0x0000, 0x0000, 0x0000, 0x0000, 0x0000, 0x0000,
  0x0000, 0x0000, 0x0000, 0x0000, 0x0000, 0x0000, 0x0000, 0x0000, 0x0000, 0x0000, 0x0000, 0x0000,
  0x0000, 0x0000, 0x0000, 0x0000, 0x0000, 0x0000, 0x0000, 0x0000, 0x0000, 0x0000, 0x0000, 0x0000,
  0x0000, 0x0000, 0x0000, 0x0000, 0x0000, 0x0000, 0x0000, 0x0000, 0x0000, 0x0000, 0x0000, 0x0000,
  0x0000, 0x0000, 0x0000, 0x0000, 0x0000, 0x0000, 0x0000, 0x0000, 0x0000, 0x0000, 0x0000, 0x0000,
  0x0000, 0x0000, 0x0000, 0x0000, 0x0000, 0x0000, 0x0000, 0x0000, 0x0000, 0x0000, 0x0000, 0x0000,
  0x0000, 0x0000, 0x0000, 0x0000, 0x0000, 0x0000, 0x0000, 0x0000, 0x0000, 0x0000, 0x0000, 0x0000,
  0x0000, 0x0000, 0x0000, 0x0000, 0x0000, 0x0000, 0x0000, 0x0000, 0x0000, 0x0000, 0x0000, 0x0000,
  0x0000, 0x0000, 0x0000, 0x0000, 0x0000, 0x0000, 0x0000, 0x0000, 0x0000, 0x0000, 0x0000, 0x0000,
  0x0000, 0x0000, 0x0000, 0x0000, 0x0000, 0x0000, 0x0000, 0x0000, 0x0000, 0x0000, 0x0000, 0x0000,
  0x0000, 0x0000, 0x0000, 0x0000, 0x0000, 0x0000, 0x0000, 0x0000, 0x0000, 0x0000, 0x0000, 0x0000,
  0x0000, 0x0000, 0x0000, 0x0000, 0x0000, 0x0000, 0x0000, 0x0000, 0x0000, 0x0000, 0x0000, 0x0000,
  0x0000, 0x0000, 0x0000, 0x0000, 0x0000, 0x0000, 0x0000, 0x0000, 0x0000, 0x0000, 0x0000, 0x0000,
  0x0000, 0x0000, 0x0000, 0x0000, 0x0000, 0x0000, 0x0000, 0x0000, 0x0000, 0x0000, 0x0000, 0x0000,
  0x0000, 0x0000, 0x0000, 0x0000, 0x0000, 0x0000, 0x0000, 0x0000, 0x0000, 0x0000, 0x0000, 0x0000,
  0x0000, 0x0000, 0x0000, 0x0000, 0x0000, 0x0000, 0x0000, 0x0000, 0x0000, 0x0000, 0x0000, 0x0000,
  0x0000, 0x0000, 0x0000, 0x0000, 0x0000, 0x0000, 0x0000, 0x0000, 0x0000, 0x0000, 0x0000, 0x0000,
  0x0000, 0x0000, 0x0000, 0x0000, 0x0000, 0x0000, 0x0000, 0x0000, 0x0000, 0x0000, 0x0000, 0x0000,
  0x0000, 0x0000, 0x0000, 0x0000, 0x0000, 0x0000, 0x0000, 0x0000, 0x0000, 0x0000, 0x0000, 0x0000,
  0x0000, 0x0000, 0x0000, 0x0000, 0x0000, 0x0000, 0x0000, 0x0000, 0x0000, 0x0000, 0x0000, 0x0000,
  0x0000, 0x0000, 0x0000, 0x0000, 0x0000, 0x0000, 0x0000, 0x0000, 0x0000, 0x0000, 0x0000, 0x0000,
  0x0000, 0x0000, 0x0000, 0x0000, 0x0000, 0x0000, 0x0000, 0x0000, 0x0000, 0x0000, 0x0000, 0x0000,
  0x0000, 0x0000, 0x0000, 0x0000, 0x0000, 0x0000, 0x0000, 0x0000, 0x0000, 0x0000, 0x0000, 0x0000,
  0x0000, 0x0000, 0x0000, 0x0000, 0x0000, 0x0000, 0x0000, 0x0000, 0x0000, 0x0000, 0x0000, 0x0000,
  0x0000, 0x0000, 0x0000, 0x0000, 0x0000, 0x0000, 0x0000, 0x0000, 0x0000, 0x0000, 0x0000, 0x0000,
  0x0000, 0x0000, 0x0000, 0x0000, 0x0000, 0x0000, 0x0000, 0x0000, 0x0000, 0x0000, 0x0000, 0x0000,
  0x0000, 0x0000, 0x0000, 0x0000, 0x0000, 0x0000, 0x0000, 0x0000, 0x0000, 0x0000, 0x0000, 0x0000,
  0x0000, 0x0000, 0x0000, 0x0000,
};
#endif
